Player,Country,Position,DOB,Age,Club
Matěj Kovář,Czech Republic,GK,2000-05-17,26,PSV Eindhoven
David Zima,Czech Republic,DF,2000-11-08,25,Slavia Prague
Tomáš Holeš,Czech Republic,DF,1993-03-31,33,Slavia Prague
Robin Hranáč,Czech Republic,DF,2000-01-29,26,TSG Hoffenheim
Vladimír Coufal,Czech Republic,DF,1992-08-22,33,TSG Hoffenheim
Štěpán Chaloupek,Czech Republic,DF,2003-03-08,23,Slavia Prague
Ladislav Krejčí (captain),Czech Republic,DF,1999-04-20,27,Wolverhampton Wanderers
Vladimír Darida,Czech Republic,MF,1990-08-08,35,Hradec Králové
Adam Hložek,Czech Republic,FW,2002-07-25,23,TSG Hoffenheim
Patrik Schick,Czech Republic,FW,1996-01-24,30,Bayer Leverkusen
Jan Kuchta,Czech Republic,FW,1997-01-08,29,Sparta Prague
Lukáš Červ,Czech Republic,MF,2001-04-10,25,Viktoria Plzeň
Mojmír Chytil,Czech Republic,FW,1999-04-29,27,Slavia Prague
David Jurásek,Czech Republic,DF,2000-08-07,25,Slavia Prague
Pavel Šulc,Czech Republic,FW,2000-12-29,25,Lyon
Jindřich Staněk,Czech Republic,GK,1996-04-27,30,Slavia Prague
Lukáš Provod,Czech Republic,MF,1996-10-23,29,Slavia Prague
Michal Sadílek,Czech Republic,MF,1999-05-31,27,Slavia Prague
Tomáš Chorý,Czech Republic,FW,1995-01-26,31,Slavia Prague
Jaroslav Zelený,Czech Republic,DF,1992-08-20,33,Sparta Prague
David Douděra,Czech Republic,DF,1998-05-31,28,Slavia Prague
Tomáš Souček,Czech Republic,MF,1995-02-27,31,West Ham United
Lukáš Horníček,Czech Republic,GK,2002-07-13,23,Braga
Alexandr Sojka,Czech Republic,MF,2003-04-02,23,Viktoria Plzeň
Hugo Sochůrek,Czech Republic,MF,2008-06-07,18,Sparta Prague
Denis Višinský,Czech Republic,FW,2003-03-21,23,Viktoria Plzeň
Raúl Rangel,Mexico,GK,2000-02-25,26,Guadalajara
Jorge Sánchez,Mexico,DF,1997-12-10,28,PAOK
César Montes,Mexico,DF,1997-02-24,29,Lokomotiv Moscow
Edson Álvarez (captain),Mexico,DF,1997-10-24,28,Fenerbahçe
Johan Vásquez,Mexico,DF,1998-10-22,27,Genoa
Érik Lira,Mexico,MF,2000-05-08,26,Cruz Azul
Luis Romo,Mexico,MF,1995-06-05,31,Guadalajara
Álvaro Fidalgo,Mexico,MF,1997-04-09,29,Real Betis
Raúl Jiménez,Mexico,FW,1991-05-05,35,Fulham
Alexis Vega,Mexico,FW,1997-11-25,28,Toluca
Santiago Giménez,Mexico,FW,2001-04-18,25,Milan
Carlos Acevedo,Mexico,GK,1996-04-19,30,Santos Laguna
Guillermo Ochoa,Mexico,GK,1985-07-13,40,AEL Limassol
Armando González,Mexico,FW,2003-04-20,23,Guadalajara
Israel Reyes,Mexico,DF,2000-05-23,26,América
Julián Quiñones,Mexico,FW,1997-03-24,29,Al-Qadsiah
Orbelín Pineda,Mexico,MF,1996-03-24,30,AEK Athens
Obed Vargas,Mexico,MF,2005-08-05,20,Atlético Madrid
Gilberto Mora,Mexico,MF,2008-10-14,17,Tijuana
Mateo Chávez,Mexico,DF,2004-05-12,22,AZ
César Huerta,Mexico,FW,2000-12-03,25,Anderlecht
Guillermo Martínez,Mexico,FW,1995-03-15,31,Pumas UNAM
Jesús Gallardo,Mexico,DF,1994-08-15,31,Toluca
Luis Chávez,Mexico,MF,1996-01-15,30,Dynamo Moscow
Roberto Alvarado,Mexico,FW,1998-09-07,27,Guadalajara
Brian Gutiérrez,Mexico,MF,2003-06-17,22,Guadalajara
Ronwen Williams (captain),South Africa,GK,1992-01-21,34,Mamelodi Sundowns
Thabang Matuludi,South Africa,DF,1999-01-14,27,Polokwane City
Khulumani Ndamane,South Africa,DF,2004-02-05,22,Mamelodi Sundowns
Teboho Mokoena,South Africa,MF,1997-01-24,29,Mamelodi Sundowns
Thalente Mbatha,South Africa,MF,2000-03-06,26,Orlando Pirates
Aubrey Modiba,South Africa,DF,1995-07-22,30,Mamelodi Sundowns
Oswin Appollis,South Africa,FW,2001-08-25,24,Orlando Pirates
Tshepang Moremi,South Africa,FW,2000-10-02,25,Orlando Pirates
Lyle Foster,South Africa,FW,2000-09-03,25,Burnley
Relebohile Mofokeng,South Africa,FW,2004-10-23,21,Orlando Pirates
Themba Zwane,South Africa,MF,1989-08-03,36,Mamelodi Sundowns
Thapelo Maseko,South Africa,FW,2003-11-11,22,AEL Limassol
Sphephelo Sithole,South Africa,MF,1999-03-03,27,Tondela
Mbekezeli Mbokazi,South Africa,DF,2005-09-19,20,Chicago Fire FC
Iqraam Rayners,South Africa,FW,1995-12-19,30,Mamelodi Sundowns
Sipho Chaine,South Africa,GK,1996-12-14,29,Orlando Pirates
Evidence Makgopa,South Africa,FW,2000-06-05,26,Orlando Pirates
Samukele Kabini,South Africa,DF,2004-03-15,22,Molde
Nkosinathi Sibisi,South Africa,DF,1995-09-22,30,Orlando Pirates
Khuliso Mudau,South Africa,DF,1995-04-26,31,Mamelodi Sundowns
Ime Okon,South Africa,DF,2004-02-20,22,Hannover 96
Ricardo Goss,South Africa,GK,1994-04-02,32,Siwelele
Jayden Adams,South Africa,MF,2001-05-05,25,Mamelodi Sundowns
Olwethu Makhanya,South Africa,DF,2004-04-30,22,Philadelphia Union
Kamogelo Sebelebele,South Africa,FW,2002-07-21,23,Orlando Pirates
Bradley Cross,South Africa,DF,2001-01-30,25,Kaizer Chiefs
Kim Seung-gyu,South Korea,GK,1990-09-30,35,FC Tokyo
Lee Han-beom,South Korea,DF,2002-06-17,23,Midtjylland
Lee Gi-hyuk,South Korea,MF,2000-07-07,25,Gangwon FC
Kim Min-jae,South Korea,DF,1996-11-15,29,Bayern Munich
Kim Tae-hyeon,South Korea,DF,2000-09-17,25,Kashima Antlers
Hwang In-beom,South Korea,MF,1996-09-20,29,Feyenoord
Son Heung-min (captain),South Korea,FW,1992-07-08,33,Los Angeles FC
Paik Seung-ho,South Korea,MF,1997-03-17,29,Birmingham City
Cho Gue-sung,South Korea,FW,1998-01-25,28,Midtjylland
Lee Jae-sung,South Korea,MF,1992-08-10,33,Mainz 05
Hwang Hee-chan,South Korea,MF,1996-01-26,30,Wolverhampton Wanderers
Song Bum-keun,South Korea,GK,1997-10-15,28,Jeonbuk Hyundai Motors
Lee Tae-seok,South Korea,DF,2002-07-28,23,Austria Wien
Cho Wi-je,South Korea,DF,2001-08-25,24,Jeonbuk Hyundai Motors
Kim Moon-hwan,South Korea,DF,1995-08-01,30,Daejeon Hana Citizen
Park Jin-seob,South Korea,DF,1995-10-23,30,Zhejiang
Bae Jun-ho,South Korea,MF,2003-08-21,22,Stoke City
Oh Hyeon-gyu,South Korea,FW,2001-04-12,25,Beşiktaş
Lee Kang-in,South Korea,MF,2001-02-19,25,Paris Saint-Germain
Yang Hyun-jun,South Korea,MF,2002-05-25,24,Celtic
Jo Hyeon-woo,South Korea,GK,1991-09-25,34,Ulsan HD
Seol Young-woo,South Korea,DF,1998-12-05,27,Red Star Belgrade
Jens Castrop,South Korea,DF,2003-07-29,22,Borussia Mönchengladbach
Kim Jin-gyu,South Korea,MF,1997-02-24,29,Jeonbuk Hyundai Motors
Eom Ji-sung,South Korea,MF,2002-05-09,24,Swansea City
Lee Dong-gyeong,South Korea,MF,1997-09-20,28,Ulsan HD
Nikola Vasilj,Bosnia and Herzegovina,GK,1995-12-02,30,FC St. Pauli
Nihad Mujakić,Bosnia and Herzegovina,DF,1998-04-15,28,Gaziantep
Dennis Hadžikadunić,Bosnia and Herzegovina,DF,1998-07-09,27,Sampdoria
Tarik Muharemović,Bosnia and Herzegovina,DF,2003-02-28,23,Sassuolo
Sead Kolašinac,Bosnia and Herzegovina,DF,1993-06-20,32,Atalanta
Benjamin Tahirović,Bosnia and Herzegovina,MF,2003-03-03,23,Brøndby
Amar Dedić,Bosnia and Herzegovina,DF,2002-08-18,23,Benfica
Armin Gigović,Bosnia and Herzegovina,MF,2002-04-06,24,Young Boys
Samed Baždar,Bosnia and Herzegovina,FW,2004-01-31,22,Jagiellonia Białystok
Ermedin Demirović,Bosnia and Herzegovina,FW,1998-03-25,28,VfB Stuttgart
Edin Džeko (captain),Bosnia and Herzegovina,FW,1986-03-17,40,Schalke 04
Mladen Jurkas,Bosnia and Herzegovina,GK,2007-10-07,18,Borac Banja Luka
Ivan Bašić,Bosnia and Herzegovina,MF,2002-04-30,24,Astana
Ivan Šunjić,Bosnia and Herzegovina,MF,1996-10-09,29,Pafos
Amar Memić,Bosnia and Herzegovina,MF,2001-01-20,25,Viktoria Plzeň
Amir Hadžiahmetović,Bosnia and Herzegovina,MF,1997-03-08,29,Hull City
Dženis Burnić,Bosnia and Herzegovina,MF,1998-05-22,28,Karlsruher SC
Nikola Katić,Bosnia and Herzegovina,DF,1996-10-10,29,Schalke 04
Kerim Alajbegović,Bosnia and Herzegovina,FW,2007-09-21,18,Red Bull Salzburg
Esmir Bajraktarević,Bosnia and Herzegovina,FW,2005-03-10,21,PSV Eindhoven
Stjepan Radeljić,Bosnia and Herzegovina,DF,1997-09-05,28,Rijeka
Martin Zlomislić,Bosnia and Herzegovina,GK,1998-08-16,27,Rijeka
Haris Tabaković,Bosnia and Herzegovina,FW,1994-06-20,31,Borussia Mönchengladbach
Arjan Malić,Bosnia and Herzegovina,DF,2005-08-28,20,Sturm Graz
Jovo Lukić,Bosnia and Herzegovina,FW,1998-11-28,27,Universitatea Cluj
Ermin Mahmić,Bosnia and Herzegovina,MF,2005-03-14,21,Slovan Liberec
Dayne St. Clair,Canada,GK,1997-05-09,29,Inter Miami CF
Alistair Johnston,Canada,DF,1998-10-08,27,Celtic
Alfie Jones,Canada,DF,1997-10-07,28,Middlesbrough
Luc de Fougerolles,Canada,DF,2005-10-12,20,Dender
Joel Waterman,Canada,DF,1996-01-24,30,Chicago Fire FC
Mathieu Choinière,Canada,MF,1999-02-07,27,Los Angeles FC
Stephen Eustáquio,Canada,MF,1996-12-21,29,Los Angeles FC
Ismaël Koné,Canada,MF,2002-06-16,23,Sassuolo
Cyle Larin,Canada,FW,1995-04-17,31,Southampton
Jonathan David,Canada,FW,2000-01-14,26,Juventus
Liam Millar,Canada,MF,1999-09-27,26,Hull City
Tani Oluwaseyi,Canada,FW,2000-05-15,26,Villarreal
Derek Cornelius,Canada,DF,1997-11-25,28,Rangers
Jacob Shaffelburg,Canada,MF,1999-11-26,26,Los Angeles FC
Moïse Bombito,Canada,DF,2000-03-30,26,Nice
Maxime Crépeau,Canada,GK,1994-05-11,32,Orlando City SC
Tajon Buchanan,Canada,FW,1999-02-08,27,Villarreal
Owen Goodman,Canada,GK,2003-11-27,22,Barnsley
Alphonso Davies (captain),Canada,DF,2000-11-02,25,Bayern Munich
Ali Ahmed,Canada,FW,2000-10-10,25,Norwich City
Jonathan Osorio,Canada,MF,1992-06-12,33,Toronto FC
Richie Laryea,Canada,DF,1995-01-07,31,Toronto FC
Niko Sigur,Canada,DF,2003-09-09,22,Hajduk Split
Promise David,Canada,FW,2001-07-03,24,Union Saint-Gilloise
Nathan Saliba,Canada,MF,2004-02-07,22,Anderlecht
Jayden Nelson,Canada,FW,2002-09-26,23,Austin FC
Mahmud Abunada,Qatar,GK,2000-02-05,26,Al-Rayyan
Pedro Miguel,Qatar,DF,1990-08-06,35,Al-Sadd
Lucas Mendes,Qatar,DF,1990-07-03,35,Al-Wakrah
Issa Laye,Qatar,DF,1997-12-22,28,Al-Arabi
Jassem Gaber,Qatar,DF,2002-02-20,24,Al-Rayyan
Abdulaziz Hatem,Qatar,MF,1990-01-01,36,Al-Rayyan
Ahmed Alaaeldin,Qatar,FW,1993-01-31,33,Al-Rayyan
Edmilson Junior,Qatar,FW,1994-08-19,31,Al-Duhail
Mohammed Muntari,Qatar,FW,1993-12-20,32,Al-Gharafa
Hassan Al-Haydos (captain),Qatar,FW,1990-12-11,35,Al-Sadd
Akram Afif,Qatar,FW,1996-11-18,29,Al-Sadd
Karim Boudiaf,Qatar,MF,1990-09-16,35,Al-Duhail
Ayoub Al-Oui,Qatar,DF,2005-03-11,21,Al-Gharafa
Homam Ahmed,Qatar,DF,1999-08-25,26,Cultural Leonesa
Yusuf Abdurisag,Qatar,FW,1999-08-06,26,Al-Wakrah
Boualem Khoukhi,Qatar,DF,1990-07-09,35,Al-Sadd
Ahmed Al-Ganehi,Qatar,MF,2000-09-22,25,Al-Gharafa
Sultan Al-Brake,Qatar,DF,1996-04-07,30,Al-Duhail
Almoez Ali,Qatar,FW,1996-08-19,29,Al-Duhail
Ahmed Fathy,Qatar,MF,1993-01-25,33,Al-Arabi
Salah Zakaria,Qatar,GK,1999-04-24,27,Al-Duhail
Meshaal Barsham,Qatar,GK,1998-02-14,28,Al-Sadd
Assim Madibo,Qatar,MF,1996-10-22,29,Al-Wakrah
Tahsin Jamshid,Qatar,FW,2006-06-16,19,Al-Duhail
Al-Hashmi Al-Hussain,Qatar,DF,2003-08-15,22,Al-Arabi
Mohamed Manai,Qatar,FW,2002-10-25,23,Al-Shamal
Gregor Kobel,Switzerland,GK,1997-12-06,28,Borussia Dortmund
Miro Muheim,Switzerland,DF,1998-03-24,28,Hamburger SV
Silvan Widmer,Switzerland,DF,1993-03-05,33,Mainz 05
Nico Elvedi,Switzerland,DF,1996-09-30,29,Borussia Mönchengladbach
Manuel Akanji,Switzerland,DF,1995-07-19,30,Inter Milan
Denis Zakaria,Switzerland,MF,1996-11-20,29,Monaco
Breel Embolo,Switzerland,FW,1997-02-14,29,Rennes
Remo Freuler,Switzerland,MF,1992-04-15,34,Bologna
Johan Manzambi,Switzerland,MF,2005-10-14,20,SC Freiburg
Granit Xhaka (captain),Switzerland,MF,1992-09-27,33,Sunderland
Dan Ndoye,Switzerland,FW,2000-10-25,25,Nottingham Forest
Yvon Mvogo,Switzerland,GK,1994-06-06,32,Lorient
Ricardo Rodriguez,Switzerland,DF,1992-08-25,33,Real Betis
Ardon Jashari,Switzerland,MF,2002-07-30,23,Milan
Djibril Sow,Switzerland,MF,1997-02-06,29,Sevilla
Christian Fassnacht,Switzerland,FW,1993-11-11,32,Young Boys
Rubén Vargas,Switzerland,FW,1998-08-05,27,Sevilla
Eray Cömert,Switzerland,DF,1998-02-04,28,Valencia
Noah Okafor,Switzerland,FW,2000-05-24,26,Leeds United
Michel Aebischer,Switzerland,MF,1997-01-06,29,Pisa
Marvin Keller,Switzerland,GK,2002-07-03,23,Young Boys
Fabian Rieder,Switzerland,MF,2002-02-16,24,FC Augsburg
Zeki Amdouni,Switzerland,FW,2000-12-04,25,Burnley
Aurèle Amenda,Switzerland,DF,2003-07-31,22,Eintracht Frankfurt
Luca Jaquez,Switzerland,DF,2003-06-02,23,VfB Stuttgart
Cedric Itten,Switzerland,FW,1996-12-27,29,Fortuna Düsseldorf
Alisson,Brazil,GK,1992-10-02,33,Liverpool
Éderson Silva,Brazil,MF,1999-07-07,26,Atalanta
Gabriel Magalhães,Brazil,DF,1997-12-19,28,Arsenal
Marquinhos (captain),Brazil,DF,1994-05-14,32,Paris Saint-Germain
Casemiro,Brazil,MF,1992-02-23,34,Manchester United
Alex Sandro,Brazil,DF,1991-01-26,35,Flamengo
Vinícius Júnior,Brazil,FW,2000-07-12,25,Real Madrid
Bruno Guimarães,Brazil,MF,1997-11-16,28,Newcastle United
Matheus Cunha,Brazil,FW,1999-05-27,27,Manchester United
Neymar,Brazil,FW,1992-02-05,34,Santos
Raphinha,Brazil,FW,1996-12-14,29,Barcelona
Weverton,Brazil,GK,1987-12-13,38,Grêmio
Danilo Luiz,Brazil,DF,1991-07-15,34,Flamengo
Bremer,Brazil,DF,1997-03-18,29,Juventus
Léo Pereira,Brazil,DF,1996-01-31,30,Flamengo
Douglas Santos,Brazil,DF,1994-03-22,32,Zenit Saint Petersburg
Fabinho,Brazil,MF,1993-10-23,32,Al-Ittihad
Danilo Santos,Brazil,MF,2001-04-29,25,Botafogo
Endrick,Brazil,FW,2006-07-21,19,Lyon
Lucas Paquetá,Brazil,MF,1997-08-27,28,Flamengo
Luiz Henrique,Brazil,FW,2001-01-02,25,Zenit Saint Petersburg
Gabriel Martinelli,Brazil,FW,2001-06-18,24,Arsenal
Ederson Moraes,Brazil,GK,1993-08-17,32,Fenerbahçe
Roger Ibañez,Brazil,DF,1998-11-23,27,Al-Ahli
Igor Thiago,Brazil,FW,2001-06-26,24,Brentford
Rayan,Brazil,FW,2006-08-03,19,Bournemouth
Johny Placide (captain),Haiti,GK,1988-01-29,38,Bastia
Carlens Arcus,Haiti,DF,1996-06-28,29,Angers
Keeto Thermoncy,Haiti,DF,2006-03-29,20,Young Boys
Ricardo Adé,Haiti,DF,1990-05-21,36,LDU Quito
Hannes Delcroix,Haiti,DF,1999-02-28,27,Lugano
Carl Sainté,Haiti,MF,2002-08-09,23,El Paso Locomotive FC
Derrick Etienne Jr.,Haiti,FW,1996-11-25,29,Toronto FC
Martin Expérience,Haiti,DF,1999-03-09,27,Nancy
Duckens Nazon,Haiti,FW,1994-04-07,32,Esteghlal
Jean-Ricner Bellegarde,Haiti,MF,1998-06-27,27,Wolverhampton Wanderers
Louicius Deedson,Haiti,FW,2001-02-11,25,FC Dallas
Alexandre Pierre,Haiti,GK,2001-02-25,25,Sochaux
Duke Lacroix,Haiti,DF,1993-10-14,32,Colorado Springs Switchbacks FC
Garven Metusala,Haiti,DF,1999-12-31,26,Colorado Springs Switchbacks FC
Ruben Providence,Haiti,FW,2001-07-07,24,Almere City
Lenny Joseph,Haiti,FW,2000-10-12,25,Ferencváros
Danley Jean Jacques,Haiti,MF,2000-05-20,26,Philadelphia Union
Wilson Isidor,Haiti,FW,2000-08-27,25,Sunderland
Yassin Fortuné,Haiti,FW,1999-01-30,27,Vizela
Frantzdy Pierrot,Haiti,FW,1995-03-29,31,Çaykur Rizespor
Josué Casimir,Haiti,FW,2001-09-24,24,Auxerre
Jean-Kévin Duverne,Haiti,DF,1997-07-12,28,Gent
Josué Duverger,Haiti,GK,2000-04-27,26,Cosmos Koblenz
Wilguens Paugain,Haiti,DF,2001-08-24,24,Zulte Waregem
Dominique Simon,Haiti,MF,2000-07-29,25,Tatran Prešov
Woodensky Pierre,Haiti,MF,2004-12-30,21,Violette
Yassine Bounou,Morocco,GK,1991-04-05,35,Al-Hilal
Achraf Hakimi (captain),Morocco,DF,1998-11-04,27,Paris Saint-Germain
Noussair Mazraoui,Morocco,DF,1997-11-14,28,Manchester United
Sofyan Amrabat,Morocco,MF,1996-08-21,29,Real Betis
Marwane Saâdane,Morocco,DF,1992-01-17,34,Al-Fateh
Ayyoub Bouaddi,Morocco,MF,2007-10-02,18,Lille
Chemsdine Talbi,Morocco,MF,2005-05-09,21,Sunderland
Azzedine Ounahi,Morocco,MF,2000-04-19,26,Girona
Soufiane Rahimi,Morocco,FW,1996-06-02,30,Al Ain
Brahim Díaz,Morocco,FW,1999-08-03,26,Real Madrid
Ismael Saibari,Morocco,MF,2001-01-28,25,PSV Eindhoven
Munir Mohamedi,Morocco,GK,1989-05-10,37,RS Berkane
Zakaria El Ouahdi,Morocco,DF,2001-12-31,24,Genk
Issa Diop,Morocco,DF,1997-01-09,29,Fulham
Samir El Mourabet,Morocco,MF,2005-10-06,20,Strasbourg
Gessime Yassine,Morocco,MF,2005-11-22,20,Strasbourg
Amine Sbaï,Morocco,FW,2000-11-05,25,Angers
Chadi Riad,Morocco,DF,2003-06-17,22,Crystal Palace
Youssef Belammari,Morocco,DF,1998-09-20,27,Al Ahly
Ayoub El Kaabi,Morocco,FW,1993-06-25,32,Olympiacos
Ayoube Amaimouni,Morocco,FW,2004-11-30,21,Eintracht Frankfurt
Ahmed Reda Tagnaouti,Morocco,GK,1996-04-05,30,AS FAR
Bilal El Khannouss,Morocco,MF,2004-05-10,22,VfB Stuttgart
Neil El Aynaoui,Morocco,MF,2001-07-02,24,Roma
Redouane Halhal,Morocco,DF,2003-03-05,23,Mechelen
Anass Salah-Eddine,Morocco,DF,2002-01-18,24,PSV Eindhoven
Angus Gunn,Scotland,GK,1996-01-22,30,Nottingham Forest
Aaron Hickey,Scotland,DF,2002-06-10,24,Brentford
Andy Robertson (captain),Scotland,DF,1994-03-11,32,Liverpool
Scott McTominay,Scotland,MF,1996-12-08,29,Napoli
Grant Hanley,Scotland,DF,1991-11-20,34,Hibernian
Kieran Tierney,Scotland,DF,1997-06-05,29,Celtic
John McGinn,Scotland,MF,1994-10-18,31,Aston Villa
Tyler Fletcher,Scotland,MF,2007-03-19,19,Manchester United
Lyndon Dykes,Scotland,FW,1995-10-07,30,Charlton Athletic
Ché Adams,Scotland,FW,1996-07-13,29,Torino
Ryan Christie,Scotland,MF,1995-02-22,31,Bournemouth
Liam Kelly,Scotland,GK,1996-01-23,30,Rangers
Jack Hendry,Scotland,DF,1995-05-07,31,Al-Ettifaq
Ross Stewart,Scotland,FW,1996-07-11,29,Southampton
John Souttar,Scotland,DF,1996-09-25,29,Rangers
Dominic Hyam,Scotland,DF,1995-12-20,30,Wrexham
Ben Gannon-Doak,Scotland,FW,2005-11-11,20,Bournemouth
George Hirst,Scotland,FW,1999-02-15,27,Ipswich Town
Lewis Ferguson,Scotland,MF,1999-08-24,26,Bologna
Lawrence Shankland,Scotland,FW,1995-08-10,30,Heart of Midlothian
Craig Gordon,Scotland,GK,1982-12-31,43,Heart of Midlothian
Nathan Patterson,Scotland,DF,2001-10-16,24,Everton
Kenny McLean,Scotland,MF,1992-01-08,34,Norwich City
Anthony Ralston,Scotland,DF,1998-11-16,27,Celtic
Findlay Curtis,Scotland,FW,2006-06-09,20,Kilmarnock
Scott McKenna,Scotland,DF,1996-11-12,29,Dinamo Zagreb
Mathew Ryan (captain),Australia,GK,1992-04-08,34,Levante
Miloš Degenek,Australia,DF,1994-04-28,32,APOEL
Alessandro Circati,Australia,DF,2003-10-10,22,Parma
Jacob Italiano,Australia,DF,2001-07-30,24,Grazer AK
Jordan Bos,Australia,DF,2002-10-29,23,Feyenoord
Jason Geria,Australia,DF,1993-05-10,33,Albirex Niigata
Mathew Leckie,Australia,FW,1991-02-04,35,Melbourne City
Connor Metcalfe,Australia,MF,1999-11-05,26,FC St. Pauli
Mohamed Touré,Australia,FW,2004-03-26,22,Norwich City
Ajdin Hrustic,Australia,FW,1996-07-05,29,Heracles Almelo
Awer Mabil,Australia,FW,1995-09-15,30,Castellón
Paul Izzo,Australia,GK,1995-01-06,31,Randers
Aiden O'Neill,Australia,MF,1998-07-04,27,New York City FC
Cammy Devlin,Australia,MF,1998-06-07,28,Heart of Midlothian
Kai Trewin,Australia,DF,2001-05-18,25,New York City FC
Aziz Behich,Australia,DF,1990-12-16,35,Melbourne City
Nestory Irankunda,Australia,FW,2006-02-09,20,Watford
Patrick Beach,Australia,GK,2003-08-06,22,Melbourne City
Harry Souttar,Australia,DF,1998-10-22,27,Leicester City
Cristian Volpato,Australia,FW,2003-11-15,22,Sassuolo
Cameron Burgess,Australia,DF,1995-10-21,30,Swansea City
Jackson Irvine,Australia,MF,1993-03-07,33,FC St. Pauli
Nishan Velupillay,Australia,FW,2001-05-07,25,Melbourne Victory
Paul Okon-Engstler,Australia,MF,2005-01-24,21,Sydney FC
Lucas Herrington,Australia,DF,2007-09-05,18,Colorado Rapids
Tete Yengi,Australia,FW,2000-11-28,25,Machida Zelvia
Gatito Fernández,Paraguay,GK,1988-03-29,38,Cerro Porteño
Gustavo Velázquez,Paraguay,DF,1991-04-17,35,Cerro Porteño
Omar Alderete,Paraguay,DF,1996-12-26,29,Sunderland
Juan José Cáceres,Paraguay,DF,2000-06-01,26,Dynamo Moscow
Fabián Balbuena,Paraguay,DF,1991-08-23,34,Grêmio
Júnior Alonso,Paraguay,DF,1993-02-09,33,Atlético Mineiro
Ramón Sosa,Paraguay,MF,1999-08-31,26,Palmeiras
Diego Gómez,Paraguay,MF,2003-03-27,23,Brighton & Hove Albion
Antonio Sanabria,Paraguay,FW,1996-03-04,30,Cremonese
Miguel Almirón,Paraguay,MF,1994-02-10,32,Atlanta United FC
Maurício,Paraguay,MF,2001-06-22,24,Palmeiras
Orlando Gill,Paraguay,GK,2000-06-11,26,San Lorenzo
José Canale,Paraguay,DF,1996-07-20,29,Lanús
Andrés Cubas,Paraguay,MF,1996-05-11,30,Vancouver Whitecaps FC
Gustavo Gómez (captain),Paraguay,DF,1993-05-06,33,Palmeiras
Damián Bobadilla,Paraguay,MF,2001-07-11,24,São Paulo
Kaku,Paraguay,FW,1995-01-11,31,Al Ain
Álex Arce,Paraguay,FW,1995-06-16,30,Independiente Rivadavia
Julio Enciso,Paraguay,FW,2004-01-23,22,Strasbourg
Braian Ojeda,Paraguay,MF,2000-06-27,25,Orlando City SC
Gabriel Ávalos,Paraguay,FW,1991-07-09,34,Independiente
Gastón Olveira,Paraguay,GK,1993-04-21,33,Olimpia
Matías Galarza,Paraguay,MF,2002-02-11,24,Atlanta United FC
Gustavo Caballero,Paraguay,MF,2001-09-21,24,Portsmouth
Isidro Pitta,Paraguay,FW,1999-08-14,26,Red Bull Bragantino
Alexandro Maidana,Paraguay,DF,2005-07-26,20,Talleres
Mert Günok,Turkey,GK,1989-03-01,37,Fenerbahçe
Zeki Çelik,Turkey,DF,1997-02-17,29,Roma
Merih Demiral,Turkey,DF,1998-03-05,28,Al-Ahli
Çağlar Söyüncü,Turkey,DF,1996-05-23,30,Fenerbahçe
Salih Özcan,Turkey,MF,1998-01-11,28,Borussia Dortmund
Orkun Kökçü,Turkey,MF,2000-12-29,25,Beşiktaş
Kerem Aktürkoğlu,Turkey,FW,1998-10-21,27,Fenerbahçe
Arda Güler,Turkey,FW,2005-02-25,21,Real Madrid
Deniz Gül,Turkey,FW,2004-07-02,21,Porto
Hakan Çalhanoğlu (captain),Turkey,MF,1994-02-08,32,Inter Milan
Kenan Yıldız,Turkey,FW,2005-05-04,21,Juventus
Altay Bayındır,Turkey,GK,1998-04-14,28,Manchester United
Eren Elmalı,Turkey,DF,2000-07-07,25,Galatasaray
Abdülkerim Bardakcı,Turkey,DF,1994-09-07,31,Galatasaray
Ozan Kabak,Turkey,DF,2000-03-25,26,TSG Hoffenheim
İsmail Yüksek,Turkey,MF,1999-01-26,27,Fenerbahçe
İrfan Can Kahveci,Turkey,FW,1995-07-15,30,Kasımpaşa
Mert Müldür,Turkey,DF,1999-04-03,27,Fenerbahçe
Yunus Akgün,Turkey,FW,2000-07-07,25,Galatasaray
Ferdi Kadıoğlu,Turkey,DF,1999-10-07,26,Brighton & Hove Albion
Barış Alper Yılmaz,Turkey,FW,2000-05-23,26,Galatasaray
Kaan Ayhan,Turkey,MF,1994-11-10,31,Galatasaray
Uğurcan Çakır,Turkey,GK,1996-04-05,30,Galatasaray
Oğuz Aydın,Turkey,FW,2000-10-27,25,Fenerbahçe
Samet Akaydin,Turkey,DF,1994-03-13,32,Çaykur Rizespor
Can Uzun,Turkey,FW,2005-11-11,20,Eintracht Frankfurt
Matt Turner,United States,GK,1994-06-24,31,New England Revolution
Sergiño Dest,United States,DF,2000-11-03,25,PSV Eindhoven
Chris Richards,United States,DF,2000-03-28,26,Crystal Palace
Tyler Adams,United States,MF,1999-02-14,27,Bournemouth
Antonee Robinson,United States,DF,1997-08-08,28,Fulham
Auston Trusty,United States,DF,1998-08-12,27,Celtic
Giovanni Reyna,United States,MF,2002-11-13,23,Borussia Mönchengladbach
Weston McKennie,United States,MF,1998-08-28,27,Juventus
Ricardo Pepi,United States,FW,2003-01-09,23,PSV Eindhoven
Christian Pulisic,United States,FW,1998-09-18,27,Milan
Brenden Aaronson,United States,FW,2000-10-22,25,Leeds United
Miles Robinson,United States,DF,1997-03-14,29,FC Cincinnati
Tim Ream (captain),United States,DF,1987-10-05,38,Charlotte FC
Sebastian Berhalter,United States,MF,2001-05-10,25,Vancouver Whitecaps FC
Cristian Roldan,United States,MF,1995-06-03,31,Seattle Sounders FC
Alex Freeman,United States,DF,2004-08-09,21,Villarreal
Malik Tillman,United States,MF,2002-05-28,24,Bayer Leverkusen
Max Arfsten,United States,DF,2001-04-19,25,Columbus Crew
Haji Wright,United States,FW,1998-03-27,28,Coventry City
Folarin Balogun,United States,FW,2001-07-03,24,Monaco
Timothy Weah,United States,FW,2000-02-22,26,Marseille
Mark McKenzie,United States,DF,1999-02-25,27,Toulouse
Joe Scally,United States,DF,2002-12-31,23,Borussia Mönchengladbach
Matt Freese,United States,GK,1998-09-02,27,New York City FC
Chris Brady,United States,GK,2004-03-03,22,Chicago Fire FC
Alejandro Zendejas,United States,FW,1998-02-07,28,América
Eloy Room,Curaçao,GK,1989-02-06,37,Miami FC
Shurandy Sambo,Curaçao,DF,2001-08-19,24,Sparta Rotterdam
Juriën Gaari,Curaçao,DF,1993-12-23,32,Abha
Roshon van Eijma,Curaçao,DF,1998-06-09,28,RKC Waalwijk
Sherel Floranus,Curaçao,DF,1998-08-23,27,PEC Zwolle
Godfried Roemeratoe,Curaçao,MF,1999-08-19,26,RKC Waalwijk
Juninho Bacuna,Curaçao,MF,1997-08-07,28,Volendam
Livano Comenencia,Curaçao,MF,2004-02-03,22,Zürich
Jürgen Locadia,Curaçao,FW,1993-11-07,32,Miami FC
Leandro Bacuna (captain),Curaçao,MF,1991-08-21,34,Iğdır
Jeremy Antonisse,Curaçao,FW,2002-03-29,24,Kifisia
Sontje Hansen,Curaçao,FW,2002-05-18,24,Middlesbrough
Tyrese Noslin,Curaçao,FW,2002-09-11,23,Telstar
Kenji Gorré,Curaçao,FW,1994-09-29,31,Maccabi Haifa
Ar'jany Martha,Curaçao,MF,2003-09-04,22,Rotherham United
Jearl Margaritha,Curaçao,FW,2000-04-10,26,Beveren
Brandley Kuwas,Curaçao,FW,1992-09-19,33,Volendam
Armando Obispo,Curaçao,DF,1999-03-05,27,PSV Eindhoven
Gervane Kastaneer,Curaçao,FW,1996-06-09,30,Terengganu
Joshua Brenet,Curaçao,DF,1994-03-20,32,Kayserispor
Tahith Chong,Curaçao,MF,1999-12-04,26,Sheffield United
Kevin Felida,Curaçao,MF,1999-11-11,26,Den Bosch
Riechedly Bazoer,Curaçao,DF,1996-10-12,29,Konyaspor
Deveron Fonville,Curaçao,DF,2003-05-16,23,NEC
Tyrick Bodak,Curaçao,GK,2002-05-15,24,Telstar
Trevor Doornbusch,Curaçao,GK,1999-07-06,26,VVV-Venlo
Hernán Galíndez,Ecuador,GK,1987-03-30,39,Huracán
Félix Torres,Ecuador,DF,1997-01-11,29,Internacional
Piero Hincapié,Ecuador,DF,2002-01-09,24,Arsenal
Joel Ordóñez,Ecuador,DF,2004-04-21,22,Club Brugge
Jordy Alcívar,Ecuador,MF,1999-08-05,26,Independiente del Valle
Willian Pacho,Ecuador,DF,2001-10-16,24,Paris Saint-Germain
Pervis Estupiñán,Ecuador,DF,1998-01-21,28,Milan
Anthony Valencia,Ecuador,MF,2003-07-21,22,Antwerp
John Yeboah,Ecuador,FW,2000-06-23,25,Venezia
Kendry Páez,Ecuador,MF,2007-05-04,19,River Plate
Kevin Rodríguez,Ecuador,FW,2000-03-04,26,Union Saint-Gilloise
Moisés Ramírez,Ecuador,GK,2000-09-09,25,Kifisia
Enner Valencia (captain),Ecuador,FW,1989-11-04,36,Pachuca
Alan Minda,Ecuador,MF,2003-05-14,23,Atlético Mineiro
Pedro Vite,Ecuador,MF,2002-03-09,24,Pumas UNAM
Jordy Caicedo,Ecuador,FW,1997-11-18,28,Huracán
Ángelo Preciado,Ecuador,DF,1998-02-18,28,Atlético Mineiro
Denil Castillo,Ecuador,MF,2004-03-24,22,Midtjylland
Gonzalo Plata,Ecuador,FW,2000-11-01,25,Flamengo
Nilson Angulo,Ecuador,FW,2003-06-19,22,Sunderland
Alan Franco,Ecuador,MF,1998-08-21,27,Atlético Mineiro
Gonzalo Valle,Ecuador,GK,1996-02-28,30,LDU Quito
Moisés Caicedo,Ecuador,MF,2001-11-02,24,Chelsea
Jeremy Arévalo,Ecuador,FW,2005-03-19,21,VfB Stuttgart
Jackson Porozo,Ecuador,DF,2000-08-04,25,Tijuana
Yaimar Medina,Ecuador,DF,2004-11-05,21,Genk
Manuel Neuer,Germany,GK,1986-03-27,40,Bayern Munich
Antonio Rüdiger,Germany,DF,1993-03-03,33,Real Madrid
Waldemar Anton,Germany,DF,1996-07-20,29,Borussia Dortmund
Jonathan Tah,Germany,DF,1996-02-11,30,Bayern Munich
Aleksandar Pavlović,Germany,MF,2004-05-03,22,Bayern Munich
Joshua Kimmich (captain),Germany,DF,1995-02-08,31,Bayern Munich
Kai Havertz,Germany,FW,1999-06-11,27,Arsenal
Leon Goretzka,Germany,MF,1995-02-06,31,Bayern Munich
Jamie Leweling,Germany,MF,2001-02-26,25,VfB Stuttgart
Jamal Musiala,Germany,MF,2003-02-26,23,Bayern Munich
Nick Woltemade,Germany,FW,2002-02-14,24,Newcastle United
Oliver Baumann,Germany,GK,1990-06-02,36,TSG Hoffenheim
Pascal Groß,Germany,MF,1991-06-15,34,Brighton & Hove Albion
Maximilian Beier,Germany,FW,2002-10-17,23,Borussia Dortmund
Nico Schlotterbeck,Germany,DF,1999-12-01,26,Borussia Dortmund
Angelo Stiller,Germany,MF,2001-04-04,25,VfB Stuttgart
Florian Wirtz,Germany,MF,2003-05-03,23,Liverpool
Nathaniel Brown,Germany,DF,2003-06-16,22,Eintracht Frankfurt
Leroy Sané,Germany,MF,1996-01-11,30,Galatasaray
Nadiem Amiri,Germany,MF,1996-10-27,29,Mainz 05
Alexander Nübel,Germany,GK,1996-09-30,29,VfB Stuttgart
David Raum,Germany,DF,1998-04-22,28,RB Leipzig
Felix Nmecha,Germany,MF,2000-10-10,25,Borussia Dortmund
Malick Thiaw,Germany,DF,2001-08-08,24,Newcastle United
Assan Ouédraogo,Germany,MF,2006-05-09,20,RB Leipzig
Deniz Undav,Germany,FW,1996-07-19,29,VfB Stuttgart
Yahia Fofana,Ivory Coast,GK,2000-08-21,25,Çaykur Rizespor
Ousmane Diomande,Ivory Coast,DF,2003-12-04,22,Sporting CP
Ghislain Konan,Ivory Coast,DF,1995-12-27,30,Gil Vicente
Jean Michaël Seri,Ivory Coast,MF,1991-07-19,34,Maribor
Wilfried Singo,Ivory Coast,DF,2000-12-25,25,Galatasaray
Seko Fofana,Ivory Coast,MF,1995-05-07,31,Porto
Odilon Kossounou,Ivory Coast,DF,2001-01-04,25,Atalanta
Franck Kessié (captain),Ivory Coast,MF,1996-12-19,29,Al-Ahli
Ange-Yoan Bonny,Ivory Coast,FW,2003-10-25,22,Inter Milan
Simon Adingra,Ivory Coast,FW,2002-01-01,24,Monaco
Yan Diomande,Ivory Coast,FW,2006-11-14,19,RB Leipzig
Elye Wahi,Ivory Coast,FW,2003-01-02,23,Nice
Christopher Opéri,Ivory Coast,DF,1997-04-29,29,İstanbul Başakşehir
Oumar Diakité,Ivory Coast,FW,2003-12-20,22,Cercle Brugge
Amad Diallo,Ivory Coast,FW,2002-07-11,23,Manchester United
Mohamed Koné,Ivory Coast,GK,2002-03-07,24,Charleroi
Guéla Doué,Ivory Coast,DF,2002-10-17,23,Strasbourg
Ibrahim Sangaré,Ivory Coast,MF,1997-12-02,28,Nottingham Forest
Nicolas Pépé,Ivory Coast,FW,1995-05-29,31,Villarreal
Emmanuel Agbadou,Ivory Coast,DF,1997-06-17,28,Beşiktaş
Evan Ndicka,Ivory Coast,DF,1999-08-20,26,Roma
Evann Guessand,Ivory Coast,FW,2001-07-01,24,Crystal Palace
Alban Lafont,Ivory Coast,GK,1999-01-23,27,Panathinaikos
Bazoumana Touré,Ivory Coast,FW,2006-03-02,20,TSG Hoffenheim
Parfait Guiagon,Ivory Coast,MF,2001-02-22,25,Charleroi
Christ Inao Oulaï,Ivory Coast,MF,2006-04-06,20,Trabzonspor
Zion Suzuki,Japan,GK,2002-08-21,23,Parma
Yukinari Sugawara,Japan,DF,2000-06-28,25,Werder Bremen
Shōgo Taniguchi,Japan,DF,1991-07-15,34,Sint-Truiden
Kō Itakura (captain),Japan,DF,1997-01-27,29,Ajax
Yūto Nagatomo,Japan,DF,1986-09-12,39,FC Tokyo
Shūto Machino,Japan,FW,1999-09-30,26,Borussia Mönchengladbach
Ao Tanaka,Japan,MF,1998-09-10,27,Leeds United
Takefusa Kubo,Japan,MF,2001-06-04,25,Real Sociedad
Keisuke Gotō,Japan,FW,2005-06-03,21,Sint-Truiden
Ritsu Dōan,Japan,MF,1998-06-16,27,Eintracht Frankfurt
Daizen Maeda,Japan,MF,1997-10-20,28,Celtic
Keisuke Ōsako,Japan,GK,1999-07-28,26,Sanfrecce Hiroshima
Keito Nakamura,Japan,MF,2000-07-28,25,Reims
Junya Itō,Japan,MF,1993-03-09,33,Genk
Daichi Kamada,Japan,MF,1996-08-05,29,Crystal Palace
Tsuyoshi Watanabe,Japan,DF,1997-02-05,29,Feyenoord
Yuito Suzuki,Japan,MF,2001-10-25,24,SC Freiburg
Ayase Ueda,Japan,FW,1998-08-28,27,Feyenoord
Kōki Ogawa,Japan,FW,1997-08-08,28,NEC
Ayumu Seko,Japan,DF,2000-06-07,26,Le Havre
Hiroki Itō,Japan,DF,1999-05-12,27,Bayern Munich
Takehiro Tomiyasu,Japan,DF,1998-11-05,27,Ajax
Tomoki Hayakawa,Japan,GK,1999-03-03,27,Kashima Antlers
Kaishū Sano,Japan,MF,2000-12-30,25,Mainz 05
Junnosuke Suzuki,Japan,DF,2003-07-12,22,Copenhagen
Kento Shiogai,Japan,FW,2005-03-26,21,VfL Wolfsburg
Bart Verbruggen,Netherlands,GK,2002-08-18,23,Brighton & Hove Albion
Lutsharel Geertruida,Netherlands,DF,2000-07-18,25,Sunderland
Marten de Roon,Netherlands,MF,1991-03-29,35,Atalanta
Virgil van Dijk (captain),Netherlands,DF,1991-07-08,34,Liverpool
Nathan Aké,Netherlands,DF,1995-02-18,31,Manchester City
Jan Paul van Hecke,Netherlands,DF,2000-06-08,26,Brighton & Hove Albion
Justin Kluivert,Netherlands,MF,1999-05-05,27,Bournemouth
Ryan Gravenberch,Netherlands,MF,2002-05-16,24,Liverpool
Wout Weghorst,Netherlands,FW,1992-08-07,33,Ajax
Memphis Depay,Netherlands,FW,1994-02-13,32,Corinthians
Cody Gakpo,Netherlands,FW,1999-05-07,27,Liverpool
Mats Wieffer,Netherlands,DF,1999-11-16,26,Brighton & Hove Albion
Robin Roefs,Netherlands,GK,2003-01-17,23,Sunderland
Tijjani Reijnders,Netherlands,MF,1998-07-29,27,Manchester City
Micky van de Ven,Netherlands,DF,2001-04-19,25,Tottenham Hotspur
Guus Til,Netherlands,MF,1997-12-22,28,PSV Eindhoven
Noa Lang,Netherlands,FW,1999-06-17,26,Galatasaray
Donyell Malen,Netherlands,FW,1999-01-19,27,Roma
Brian Brobbey,Netherlands,FW,2002-02-01,24,Sunderland
Teun Koopmeiners,Netherlands,MF,1998-02-28,28,Juventus
Frenkie de Jong,Netherlands,MF,1997-05-12,29,Barcelona
Denzel Dumfries,Netherlands,DF,1996-04-18,30,Inter Milan
Mark Flekken,Netherlands,GK,1993-06-13,32,Bayer Leverkusen
Crysencio Summerville,Netherlands,FW,2001-10-30,24,West Ham United
Jorrel Hato,Netherlands,DF,2006-03-07,20,Chelsea
Quinten Timber,Netherlands,MF,2001-06-17,24,Marseille
Jacob Widell Zetterström,Sweden,GK,1998-07-11,27,Derby County
Gustaf Lagerbielke,Sweden,DF,2000-04-10,26,Braga
Victor Lindelöf (captain),Sweden,DF,1994-07-17,31,Aston Villa
Isak Hien,Sweden,DF,1999-01-13,27,Atalanta
Gabriel Gudmundsson,Sweden,DF,1999-04-29,27,Leeds United
Herman Johansson,Sweden,DF,1997-10-16,28,FC Dallas
Lucas Bergvall,Sweden,MF,2006-02-02,20,Tottenham Hotspur
Daniel Svensson,Sweden,DF,2002-02-12,24,Borussia Dortmund
Alexander Isak,Sweden,FW,1999-09-21,26,Liverpool
Benjamin Nygren,Sweden,MF,2001-07-08,24,Celtic
Anthony Elanga,Sweden,FW,2002-04-27,24,Newcastle United
Viktor Johansson,Sweden,GK,1998-09-14,27,Stoke City
Ken Sema,Sweden,MF,1993-09-30,32,Pafos
Hjalmar Ekdal,Sweden,DF,1998-10-21,27,Burnley
Carl Starfelt,Sweden,DF,1995-06-01,31,Celta Vigo
Jesper Karlström,Sweden,MF,1995-06-21,30,Udinese
Viktor Gyökeres,Sweden,FW,1998-06-04,28,Arsenal
Yasin Ayari,Sweden,MF,2003-10-06,22,Brighton & Hove Albion
Mattias Svanberg,Sweden,MF,1999-01-05,27,VfL Wolfsburg
Eric Smith,Sweden,DF,1997-01-08,29,FC St. Pauli
Alexander Bernhardsson,Sweden,DF,1998-09-08,27,Holstein Kiel
Besfort Zeneli,Sweden,MF,2002-11-21,23,Union Saint-Gilloise
Kristoffer Nordfeldt,Sweden,GK,1989-06-23,36,AIK
Elliot Stroud,Sweden,DF,2002-06-22,23,Mjällby AIF
Gustaf Nilsson,Sweden,FW,1997-05-23,29,Club Brugge
Taha Ali,Sweden,FW,1998-07-01,27,Malmö FF
Mouhib Chamakh,Tunisia,GK,2001-08-25,24,Club Africain
Ali Abdi,Tunisia,DF,1993-12-20,32,Nice
Montassar Talbi,Tunisia,DF,1998-05-26,28,Lorient
Omar Rekik,Tunisia,DF,2001-12-20,24,Maribor
Adem Arous,Tunisia,DF,2004-07-17,21,Kasımpaşa
Dylan Bronn,Tunisia,DF,1995-06-19,30,Servette
Elias Achouri,Tunisia,FW,1999-02-10,27,Copenhagen
Elias Saad,Tunisia,FW,1999-12-27,26,Hannover 96
Hazem Mastouri,Tunisia,FW,1997-06-18,28,Dynamo Makhachkala
Hannibal Mejbri,Tunisia,MF,2003-01-21,23,Burnley
Ismaël Gharbi,Tunisia,MF,2004-04-10,22,FC Augsburg
Mortadha Ben Ouanes,Tunisia,DF,1994-07-02,31,Kasımpaşa
Rani Khedira,Tunisia,MF,1994-01-27,32,Union Berlin
Khalil Ayari,Tunisia,MF,2005-02-02,21,Paris Saint-Germain
Hadj Mahmoud,Tunisia,MF,2000-04-24,26,Lugano
Aymen Dahmen,Tunisia,GK,1997-01-28,29,CS Sfaxien
Ellyes Skhiri (captain),Tunisia,MF,1995-05-10,31,Eintracht Frankfurt
Rayan Elloumi,Tunisia,FW,2007-09-17,18,Vancouver Whitecaps FC
Firas Chaouat,Tunisia,FW,1996-05-08,30,Club Africain
Yan Valery,Tunisia,DF,1999-02-22,27,Young Boys
Mohamed Amine Ben Hamida,Tunisia,DF,1995-12-15,30,Espérance de Tunis
Sabri Ben Hessen,Tunisia,GK,1996-06-13,29,Étoile du Sahel
Moutaz Neffati,Tunisia,DF,2004-09-04,21,IFK Norrköping
Raed Chikhaoui,Tunisia,DF,2004-06-09,22,US Monastir
Anis Ben Slimane,Tunisia,MF,2001-03-16,25,Norwich City
Sebastian Tounekti,Tunisia,MF,2002-07-13,23,Celtic
Thibaut Courtois,Belgium,GK,1992-05-11,34,Real Madrid
Zeno Debast,Belgium,DF,2003-10-24,22,Sporting CP
Arthur Theate,Belgium,DF,2000-05-25,26,Eintracht Frankfurt
Brandon Mechele,Belgium,DF,1993-01-28,33,Club Brugge
Maxim De Cuyper,Belgium,DF,2000-12-22,25,Brighton & Hove Albion
Axel Witsel,Belgium,MF,1989-01-12,37,Girona
Kevin De Bruyne,Belgium,MF,1991-06-28,34,Napoli
Youri Tielemans (captain),Belgium,MF,1997-05-07,29,Aston Villa
Romelu Lukaku,Belgium,FW,1993-05-13,33,Napoli
Leandro Trossard,Belgium,FW,1994-12-04,31,Arsenal
Jérémy Doku,Belgium,FW,2002-05-27,24,Manchester City
Senne Lammens,Belgium,GK,2002-07-07,23,Manchester United
Mike Penders,Belgium,GK,2005-07-31,20,Strasbourg
Dodi Lukébakio,Belgium,FW,1997-09-24,28,Benfica
Thomas Meunier,Belgium,DF,1991-09-12,34,Lille
Koni De Winter,Belgium,DF,2002-06-12,23,Milan
Charles De Ketelaere,Belgium,FW,2001-03-10,25,Atalanta
Joaquin Seys,Belgium,DF,2005-03-28,21,Club Brugge
Diego Moreira,Belgium,MF,2004-08-06,21,Strasbourg
Hans Vanaken,Belgium,MF,1992-08-24,33,Club Brugge
Timothy Castagne,Belgium,DF,1995-12-05,30,Fulham
Alexis Saelemaekers,Belgium,MF,1999-06-27,26,Milan
Nicolas Raskin,Belgium,MF,2001-02-23,25,Rangers
Amadou Onana,Belgium,MF,2001-08-16,24,Aston Villa
Nathan Ngoy,Belgium,DF,2003-06-10,23,Lille
Matias Fernandez-Pardo,Belgium,FW,2005-02-03,21,Lille
Mohamed El Shenawy,Egypt,GK,1988-12-18,37,Al Ahly
Yasser Ibrahim,Egypt,DF,1993-02-10,33,Al Ahly
Mohamed Hany,Egypt,DF,1996-02-02,30,Al Ahly
Hossam Abdelmaguid,Egypt,DF,2001-04-30,25,Zamalek
Ramy Rabia,Egypt,DF,1993-05-20,33,Al Ain
Mohamed Abdelmonem,Egypt,DF,1999-02-01,27,Nice
Trézéguet,Egypt,FW,1994-10-01,31,Al Ahly
Emam Ashour,Egypt,MF,1998-02-20,28,Al Ahly
Hamza Abdelkarim,Egypt,FW,2008-01-01,18,Barcelona B
Mohamed Salah (captain),Egypt,FW,1992-06-15,33,Liverpool
Mostafa Ziko,Egypt,MF,1997-04-27,29,Pyramids
Haissem Hassan,Egypt,FW,2002-02-08,24,Oviedo
Ahmed Fatouh,Egypt,DF,1998-03-22,28,Zamalek
Hamdy Fathy,Egypt,MF,1994-09-29,31,Al-Wakrah
Karim Hafez,Egypt,DF,1996-03-12,30,Pyramids
El Mahdy Soliman,Egypt,GK,1987-06-08,39,Zamalek
Mohanad Lasheen,Egypt,MF,1996-05-29,30,Pyramids
Nabil Emad,Egypt,MF,1996-04-06,30,Al-Najma
Marwan Attia,Egypt,MF,1998-08-01,27,Al Ahly
Ibrahim Adel,Egypt,FW,2001-04-23,25,Nordsjælland
Mahmoud Saber,Egypt,MF,2001-07-30,24,ZED
Omar Marmoush,Egypt,FW,1999-02-07,27,Manchester City
Mostafa Shobeir,Egypt,GK,2000-05-15,26,Al Ahly
Tarek Alaa,Egypt,DF,2002-01-05,24,ZED
Zizo,Egypt,FW,1996-01-10,30,Al Ahly
Mohamed Alaa,Egypt,GK,1999-01-01,27,El Gouna
Alireza Beiranvand,Iran,GK,1992-09-21,33,Tractor
Saleh Hardani,Iran,DF,1998-12-26,27,Esteghlal
Ehsan Hajsafi (captain),Iran,DF,1990-02-25,36,Sepahan
Shojae Khalilzadeh,Iran,DF,1989-05-14,37,Tractor
Milad Mohammadi,Iran,DF,1993-09-29,32,Persepolis
Saeid Ezatolahi,Iran,MF,1996-10-01,29,Shabab Al Ahli
Alireza Jahanbakhsh,Iran,MF,1993-08-11,32,Dender
Mohammad Mohebi,Iran,MF,1998-12-20,27,Rostov
Mehdi Taremi,Iran,FW,1992-07-18,33,Olympiacos
Mehdi Ghayedi,Iran,FW,1998-12-05,27,Al Nasr
Ali Alipour,Iran,FW,1995-11-11,30,Persepolis
Payam Niazmand,Iran,GK,1995-04-06,31,Persepolis
Hossein Kanaanizadegan,Iran,DF,1994-03-23,32,Persepolis
Saman Ghoddos,Iran,MF,1993-09-06,32,Kalba
Rouzbeh Cheshmi,Iran,MF,1993-07-24,32,Esteghlal
Mahdi Torabi,Iran,MF,1994-09-10,31,Tractor
Arya Yousefi,Iran,DF,2002-04-22,24,Sepahan
Amirhossein Hosseinzadeh,Iran,FW,2000-10-30,25,Tractor
Ali Nemati,Iran,DF,1996-02-08,30,Foolad
Shahriyar Moghanlou,Iran,FW,1994-12-21,31,Kalba
Mohammad Ghorbani,Iran,MF,2001-10-07,24,Al Wahda
Hossein Hosseini,Iran,GK,1992-06-30,33,Sepahan
Ramin Rezaeian,Iran,DF,1990-03-21,36,Foolad
Dennis Eckert,Iran,FW,1997-01-09,29,Standard Liège
Danial Eiri,Iran,DF,2003-10-26,22,Malavan
Amirmohammad Razzaghinia,Iran,MF,2006-04-11,20,Esteghlal
Max Crocombe,New Zealand,GK,1993-08-12,32,Millwall
Tim Payne,New Zealand,DF,1994-01-10,32,Wellington Phoenix
Francis de Vries,New Zealand,DF,1994-11-28,31,Auckland FC
Tyler Bindon,New Zealand,DF,2005-01-27,21,Sheffield United
Michael Boxall,New Zealand,DF,1988-08-18,37,Minnesota United FC
Joe Bell,New Zealand,MF,1999-04-27,27,Viking
Logan Rogerson,New Zealand,FW,1998-05-28,28,Auckland FC
Marko Stamenić,New Zealand,MF,2002-02-19,24,Swansea City
Chris Wood (captain),New Zealand,FW,1991-12-07,34,Nottingham Forest
Sarpreet Singh,New Zealand,MF,1999-02-20,27,Wellington Phoenix
Elijah Just,New Zealand,MF,2000-05-01,26,Motherwell
Alex Paulsen,New Zealand,GK,2002-07-04,23,Lechia Gdańsk
Liberato Cacace,New Zealand,DF,2000-09-27,25,Wrexham
Alex Rufer,New Zealand,MF,1996-06-12,29,Wellington Phoenix
Nando Pijnaker,New Zealand,DF,1999-02-25,27,Auckland FC
Finn Surman,New Zealand,DF,2003-09-23,22,Portland Timbers
Kosta Barbarouses,New Zealand,FW,1990-02-19,36,Western Sydney Wanderers
Ben Waine,New Zealand,FW,2001-06-11,25,Port Vale
Ben Old,New Zealand,MF,2002-08-13,23,Saint-Étienne
Callum McCowatt,New Zealand,MF,1999-04-30,27,Silkeborg
Jesse Randall,New Zealand,FW,2002-08-19,23,Auckland FC
Michael Woud,New Zealand,GK,1999-01-16,27,Auckland FC
Ryan Thomas,New Zealand,MF,1994-12-20,31,PEC Zwolle
Callan Elliot,New Zealand,DF,1999-07-07,26,Auckland FC
Lachlan Bayliss,New Zealand,MF,2002-07-24,23,Newcastle Jets
Tommy Smith,New Zealand,DF,1990-03-31,36,Braintree Town
Vozinha,Cape Verde,GK,1986-06-03,40,Chaves
Stopira,Cape Verde,DF,1988-05-20,38,Torreense
Diney,Cape Verde,DF,1995-01-17,31,Al Bataeh
Pico,Cape Verde,DF,1992-06-17,33,Shamrock Rovers
Logan Costa,Cape Verde,DF,2001-04-01,25,Villarreal
Kevin Pina,Cape Verde,MF,1997-01-27,29,Krasnodar
Jovane Cabral,Cape Verde,MF,1998-06-14,27,Estrela Amadora
João Paulo,Cape Verde,MF,1998-05-26,28,FCSB
Gilson Benchimol,Cape Verde,FW,2001-12-29,24,Akron Tolyatti
Jamiro Monteiro,Cape Verde,MF,1993-11-23,32,PEC Zwolle
Garry Rodrigues,Cape Verde,MF,1990-11-27,35,Apollon Limassol
Márcio Rosa,Cape Verde,GK,1997-02-23,29,Montana
Sidny Lopes Cabral,Cape Verde,DF,2002-09-18,23,Benfica
Deroy Duarte,Cape Verde,MF,1999-07-04,26,Ludogorets Razgrad
Laros Duarte,Cape Verde,MF,1997-02-28,29,Puskás Akadémia
Yannick Semedo,Cape Verde,MF,1995-12-29,30,Farense
Willy Semedo,Cape Verde,MF,1994-04-27,32,Omonia
Telmo Arcanjo,Cape Verde,MF,2001-06-21,24,Vitória de Guimarães
Dailon Livramento,Cape Verde,FW,2001-05-04,25,Casa Pia
Ryan Mendes (captain),Cape Verde,FW,1990-01-08,36,Iğdır
Nuno da Costa,Cape Verde,MF,1991-02-10,35,İstanbul Başakşehir
Steven Moreira,Cape Verde,DF,1994-08-13,31,Columbus Crew
CJ dos Santos,Cape Verde,GK,2000-08-24,25,San Diego FC
Wagner Pina,Cape Verde,DF,2002-11-03,23,Trabzonspor
Kelvin Pires,Cape Verde,DF,2000-06-05,26,SJK
Hélio Varela,Cape Verde,MF,2002-05-03,24,Maccabi Tel Aviv
Nawaf Al-Aqidi,Saudi Arabia,GK,2000-05-10,26,Al-Nassr
Ali Majrashi,Saudi Arabia,DF,1999-10-02,26,Al-Ahli
Ali Lajami,Saudi Arabia,DF,1996-04-24,30,Al-Hilal
Abdulelah Al-Amri,Saudi Arabia,DF,1997-01-15,29,Al-Nassr
Hassan Al-Tambakti,Saudi Arabia,DF,1999-02-09,27,Al-Hilal
Nasser Al-Dawsari,Saudi Arabia,MF,1998-12-19,27,Al-Hilal
Musab Al-Juwayr,Saudi Arabia,MF,2003-06-20,22,Al-Qadsiah
Ayman Yahya,Saudi Arabia,FW,2001-05-14,25,Al-Nassr
Firas Al-Buraikan,Saudi Arabia,FW,2000-05-14,26,Al-Ahli
Salem Al-Dawsari (captain),Saudi Arabia,FW,1991-08-19,34,Al-Hilal
Saleh Al-Shehri,Saudi Arabia,FW,1993-11-01,32,Al-Ittihad
Saud Abdulhamid,Saudi Arabia,DF,1999-07-18,26,Lens
Nawaf Boushal,Saudi Arabia,DF,1999-09-16,26,Al-Nassr
Hassan Kadesh,Saudi Arabia,DF,1992-09-26,33,Al-Ittihad
Abdullah Al-Khaibari,Saudi Arabia,MF,1996-08-16,29,Al-Nassr
Ziyad Al-Johani,Saudi Arabia,MF,2001-11-11,24,Al-Ahli
Khalid Al-Ghannam,Saudi Arabia,FW,2000-11-08,25,Al-Ettifaq
Alaa Al-Hejji,Saudi Arabia,MF,1995-12-03,30,Neom
Abdullah Al-Hamdan,Saudi Arabia,FW,1999-09-13,26,Al-Nassr
Sultan Mandash,Saudi Arabia,FW,1994-10-17,31,Al-Hilal
Mohammed Al-Owais,Saudi Arabia,GK,1991-10-10,34,Al-Ula
Ahmed Al-Kassar,Saudi Arabia,GK,1991-05-08,35,Al-Qadsiah
Mohamed Kanno,Saudi Arabia,MF,1994-09-22,31,Al-Hilal
Moteb Al-Harbi,Saudi Arabia,DF,2000-02-20,26,Al-Hilal
Jehad Thakri,Saudi Arabia,DF,2001-07-21,24,Al-Qadsiah
Mohammed Abu Al-Shamat,Saudi Arabia,DF,2002-08-11,23,Al-Qadsiah
David Raya,Spain,GK,1995-09-15,30,Arsenal
Marc Pubill,Spain,DF,2003-06-20,22,Atlético Madrid
Álex Grimaldo,Spain,DF,1995-09-20,30,Bayer Leverkusen
Eric García,Spain,DF,2001-01-09,25,Barcelona
Marcos Llorente,Spain,DF,1995-01-30,31,Atlético Madrid
Mikel Merino,Spain,MF,1996-06-22,29,Arsenal
Ferran Torres,Spain,FW,2000-02-29,26,Barcelona
Fabián Ruiz,Spain,MF,1996-04-03,30,Paris Saint-Germain
Gavi,Spain,MF,2004-08-05,21,Barcelona
Dani Olmo,Spain,FW,1998-05-07,28,Barcelona
Yéremy Pino,Spain,FW,2002-10-20,23,Crystal Palace
Pedro Porro,Spain,DF,1999-09-13,26,Tottenham Hotspur
Joan Garcia,Spain,GK,2001-05-04,25,Barcelona
Aymeric Laporte,Spain,DF,1994-05-27,32,Athletic Bilbao
Álex Baena,Spain,MF,2001-07-20,24,Atlético Madrid
Rodri (captain),Spain,MF,1996-06-22,29,Manchester City
Nico Williams,Spain,FW,2002-07-12,23,Athletic Bilbao
Martín Zubimendi,Spain,MF,1999-02-02,27,Arsenal
Lamine Yamal,Spain,FW,2007-07-13,18,Barcelona
Pedri,Spain,MF,2002-11-25,23,Barcelona
Mikel Oyarzabal,Spain,FW,1997-04-21,29,Real Sociedad
Pau Cubarsí,Spain,DF,2007-01-22,19,Barcelona
Unai Simón,Spain,GK,1997-06-11,29,Athletic Bilbao
Marc Cucurella,Spain,DF,1998-07-22,27,Chelsea
Víctor Muñoz,Spain,FW,2003-07-13,22,Osasuna
Borja Iglesias,Spain,FW,1993-01-17,33,Celta Vigo
Sergio Rochet,Uruguay,GK,1993-03-23,33,Internacional
José María Giménez (captain),Uruguay,DF,1995-01-20,31,Atlético Madrid
Sebastián Cáceres,Uruguay,DF,1999-08-18,26,América
Ronald Araújo,Uruguay,DF,1999-03-07,27,Barcelona
Manuel Ugarte,Uruguay,MF,2001-04-11,25,Manchester United
Rodrigo Bentancur,Uruguay,MF,1997-06-25,28,Tottenham Hotspur
Nicolás de la Cruz,Uruguay,MF,1997-06-01,29,Flamengo
Federico Valverde,Uruguay,MF,1998-07-22,27,Real Madrid
Darwin Núñez,Uruguay,FW,1999-06-24,26,Al-Hilal
Giorgian de Arrascaeta,Uruguay,MF,1994-06-01,32,Flamengo
Facundo Pellistri,Uruguay,FW,2001-12-20,24,Panathinaikos
Santiago Mele,Uruguay,GK,1997-09-06,28,Monterrey
Guillermo Varela,Uruguay,DF,1993-03-24,33,Flamengo
Agustín Canobbio,Uruguay,MF,1998-10-01,27,Fluminense
Emiliano Martínez,Uruguay,MF,1999-08-17,26,Palmeiras
Mathías Olivera,Uruguay,DF,1997-10-31,28,Napoli
Matías Viña,Uruguay,DF,1997-11-09,28,River Plate
Brian Rodríguez,Uruguay,FW,2000-05-20,26,América
Rodrigo Aguirre,Uruguay,FW,1994-10-01,31,Tigres UANL
Maximiliano Araújo,Uruguay,MF,2000-02-15,26,Sporting CP
Federico Viñas,Uruguay,FW,1998-06-30,27,Oviedo
Joaquín Piquerez,Uruguay,MF,1998-08-24,27,Palmeiras
Fernando Muslera,Uruguay,GK,1986-06-16,39,Estudiantes
Santiago Bueno,Uruguay,DF,1998-11-09,27,Wolverhampton Wanderers
Juan Manuel Sanabria,Uruguay,MF,2000-03-29,26,Real Salt Lake
Rodrigo Zalazar,Uruguay,MF,1999-08-12,26,Braga
Brice Samba,France,GK,1994-04-25,32,Rennes
Malo Gusto,France,DF,2003-05-19,23,Chelsea
Lucas Digne,France,DF,1993-07-20,32,Aston Villa
Dayot Upamecano,France,DF,1998-10-27,27,Bayern Munich
Jules Koundé,France,DF,1998-11-12,27,Barcelona
Manu Koné,France,MF,2001-05-17,25,Roma
Ousmane Dembélé,France,FW,1997-05-15,29,Paris Saint-Germain
Aurélien Tchouaméni,France,MF,2000-01-27,26,Real Madrid
Marcus Thuram,France,FW,1997-08-06,28,Inter Milan
Kylian Mbappé (captain),France,FW,1998-12-20,27,Real Madrid
Michael Olise,France,FW,2001-12-12,24,Bayern Munich
Bradley Barcola,France,FW,2002-09-02,23,Paris Saint-Germain
N'Golo Kanté,France,MF,1991-03-29,35,Fenerbahçe
Adrien Rabiot,France,MF,1995-04-03,31,Milan
Ibrahima Konaté,France,DF,1999-05-25,27,Liverpool
Mike Maignan,France,GK,1995-07-03,30,Milan
William Saliba,France,DF,2001-03-24,25,Arsenal
Warren Zaïre-Emery,France,MF,2006-03-08,20,Paris Saint-Germain
Théo Hernandez,France,DF,1997-10-06,28,Al-Hilal
Désiré Doué,France,FW,2005-06-03,21,Paris Saint-Germain
Lucas Hernandez,France,DF,1996-02-14,30,Paris Saint-Germain
Jean-Philippe Mateta,France,FW,1997-06-28,28,Crystal Palace
Robin Risser,France,GK,2004-12-02,21,Lens
Rayan Cherki,France,MF,2003-08-17,22,Manchester City
Maghnes Akliouche,France,MF,2002-02-25,24,Monaco
Maxence Lacroix,France,DF,2000-04-06,26,Crystal Palace
Fahad Talib,Iraq,GK,1994-10-21,31,Al-Talaba
Rebin Sulaka,Iraq,DF,1992-04-12,34,Port
Hussein Ali,Iraq,DF,2002-03-01,24,Pogoń Szczecin
Zaid Tahseen,Iraq,DF,2001-01-29,25,Pakhtakor
Akam Hashim,Iraq,DF,1998-08-16,27,Al-Zawraa
Munaf Younis,Iraq,DF,1996-11-16,29,Al-Shorta
Youssef Amyn,Iraq,MF,2003-08-21,22,AEK Larnaca
Ibrahim Bayesh,Iraq,MF,2000-05-01,26,Al Dhafra
Ali Al-Hamadi,Iraq,FW,2002-03-01,24,Luton Town
Mohanad Ali,Iraq,FW,2000-06-20,25,Dibba
Ahmed Qasem,Iraq,FW,2003-07-12,22,Nashville SC
Jalal Hassan (captain),Iraq,GK,1991-05-18,35,Al-Zawraa
Ali Yousif,Iraq,FW,1996-01-19,30,Al-Talaba
Zidane Iqbal,Iraq,MF,2003-04-27,23,Utrecht
Ahmed Maknzi,Iraq,DF,2001-09-24,24,Al-Karma
Amir Al-Ammari,Iraq,MF,1997-07-27,28,Cracovia
Ali Jasim,Iraq,FW,2004-01-20,22,Al-Najma
Aymen Hussein,Iraq,FW,1996-03-22,30,Al-Karma
Kevin Yakob,Iraq,MF,2000-10-10,25,AGF
Aimar Sher,Iraq,MF,2002-12-20,23,Sarpsborg 08
Marko Farji,Iraq,FW,2004-03-16,22,Venezia
Ahmed Basil,Iraq,GK,1996-08-19,29,Al-Shorta
Merchas Doski,Iraq,DF,1999-12-07,26,Viktoria Plzeň
Zaid Ismail,Iraq,MF,2002-01-03,24,Al-Talaba
Mustafa Saadoon,Iraq,DF,2001-05-25,25,Al-Shorta
Frans Putros,Iraq,DF,1993-07-14,32,Persib
Ørjan Nyland,Norway,GK,1990-09-10,35,Sevilla
Morten Thorsby,Norway,MF,1996-05-05,30,Cremonese
Kristoffer Ajer,Norway,DF,1998-04-17,28,Brentford
Leo Østigård,Norway,DF,1999-11-28,26,Genoa
David Møller Wolfe,Norway,DF,2002-04-23,24,Wolverhampton Wanderers
Patrick Berg,Norway,MF,1997-11-24,28,Bodø/Glimt
Alexander Sørloth,Norway,FW,1995-12-05,30,Atlético Madrid
Sander Berge,Norway,MF,1998-02-14,28,Fulham
Erling Haaland,Norway,FW,2000-07-21,25,Manchester City
Martin Ødegaard (captain),Norway,MF,1998-12-17,27,Arsenal
Jørgen Strand Larsen,Norway,FW,2000-02-06,26,Crystal Palace
Sander Tangvik,Norway,GK,2002-11-29,23,Hamburger SV
Egil Selvik,Norway,GK,1997-07-30,28,Watford
Fredrik Aursnes,Norway,MF,1995-12-10,30,Benfica
Fredrik André Bjørkan,Norway,DF,1998-08-21,27,Bodø/Glimt
Marcus Holmgren Pedersen,Norway,DF,2000-07-16,25,Torino
Torbjørn Heggem,Norway,DF,1999-01-12,27,Bologna
Kristian Thorstvedt,Norway,MF,1999-03-13,27,Sassuolo
Thelo Aasgaard,Norway,MF,2002-05-02,24,Rangers
Antonio Nusa,Norway,MF,2005-04-17,21,RB Leipzig
Andreas Schjelderup,Norway,MF,2004-06-01,22,Benfica
Oscar Bobb,Norway,MF,2003-07-12,22,Fulham
Jens Petter Hauge,Norway,MF,1999-10-12,26,Bodø/Glimt
Sondre Langås,Norway,DF,2001-02-02,25,Derby County
Henrik Falchener,Norway,DF,2003-05-08,23,Viking
Julian Ryerson,Norway,DF,1997-11-17,28,Borussia Dortmund
Yehvann Diouf,Senegal,GK,1999-11-16,26,Nice
Mamadou Sarr,Senegal,DF,2005-08-29,20,Chelsea
Kalidou Koulibaly (captain),Senegal,DF,1991-06-20,34,Al-Hilal
Abdoulaye Seck,Senegal,DF,1992-06-04,34,Maccabi Haifa
Idrissa Gueye,Senegal,MF,1989-09-26,36,Everton
Pathé Ciss,Senegal,MF,1994-03-16,32,Rayo Vallecano
Assane Diao,Senegal,FW,2005-09-07,20,Como
Lamine Camara,Senegal,MF,2004-01-01,22,Monaco
Bamba Dieng,Senegal,FW,2000-03-23,26,Lorient
Sadio Mané,Senegal,FW,1992-04-10,34,Al-Nassr
Nicolas Jackson,Senegal,FW,2001-06-20,24,Bayern Munich
Cherif Ndiaye,Senegal,FW,1996-01-23,30,Samsunspor
Iliman Ndiaye,Senegal,FW,2000-03-06,26,Everton
Ismail Jakobs,Senegal,DF,1999-08-17,26,Galatasaray
Krépin Diatta,Senegal,DF,1999-02-25,27,Monaco
Édouard Mendy,Senegal,GK,1992-03-01,34,Al-Ahli
Pape Matar Sarr,Senegal,MF,2002-09-14,23,Tottenham Hotspur
Ismaïla Sarr,Senegal,FW,1998-02-25,28,Crystal Palace
Moussa Niakhaté,Senegal,DF,1996-03-08,30,Lyon
Ibrahim Mbaye,Senegal,FW,2008-01-24,18,Paris Saint-Germain
Habib Diarra,Senegal,MF,2004-01-03,22,Sunderland
Bara Sapoko Ndiaye,Senegal,MF,2007-12-31,18,Bayern Munich
Mory Diaw,Senegal,GK,1993-06-22,32,Le Havre
Antoine Mendy,Senegal,DF,2004-05-27,22,Nice
El Hadji Malick Diouf,Senegal,DF,2004-12-29,21,West Ham United
Pape Gueye,Senegal,MF,1999-01-24,27,Villarreal
Melvin Mastil,Algeria,GK,2000-02-19,26,Stade Nyonnais
Aïssa Mandi,Algeria,DF,1991-10-22,34,Lille
Achref Abada,Algeria,DF,1999-06-15,26,USM Alger
Mohamed Amine Tougai,Algeria,DF,2000-01-22,26,Espérance de Tunis
Zineddine Belaïd,Algeria,DF,1999-03-20,27,JS Kabylie
Ramiz Zerrouki,Algeria,MF,1998-05-26,28,Twente
Riyad Mahrez (captain),Algeria,FW,1991-02-21,35,Al-Ahli
Houssem Aouar,Algeria,MF,1998-06-30,27,Al-Ittihad
Amine Gouiri,Algeria,FW,2000-02-16,26,Marseille
Farès Chaïbi,Algeria,MF,2002-11-28,23,Eintracht Frankfurt
Anis Hadj Moussa,Algeria,FW,2002-02-11,24,Feyenoord
Nadhir Benbouali,Algeria,FW,2000-04-17,26,Győri ETO
Jaouen Hadjam,Algeria,DF,2003-03-26,23,Young Boys
Hicham Boudaoui,Algeria,MF,1999-09-23,26,Nice
Rayan Aït-Nouri,Algeria,DF,2001-06-06,25,Manchester City
Oussama Benbot,Algeria,GK,1994-10-11,31,USM Alger
Rafik Belghali,Algeria,DF,2002-06-07,24,Hellas Verona
Mohamed Amoura,Algeria,FW,2000-05-09,26,VfL Wolfsburg
Nabil Bentaleb,Algeria,MF,1994-11-24,31,Lille
Adil Boulbina,Algeria,FW,2003-05-02,23,Al-Duhail
Ramy Bensebaini,Algeria,DF,1995-04-16,31,Borussia Dortmund
Ibrahim Maza,Algeria,MF,2005-11-24,20,Bayer Leverkusen
Luca Zidane,Algeria,GK,1998-05-13,28,Granada
Yacine Titraoui,Algeria,MF,2003-07-26,22,Charleroi
Farès Ghedjemis,Algeria,FW,2002-09-06,23,Frosinone
Samir Chergui,Algeria,DF,1999-02-06,27,Paris FC
Juan Musso,Argentina,GK,1994-05-06,32,Atlético Madrid
Marcos Senesi,Argentina,DF,1997-05-10,29,Bournemouth
Nicolás Tagliafico,Argentina,DF,1992-08-31,33,Lyon
Gonzalo Montiel,Argentina,DF,1997-01-01,29,River Plate
Leandro Paredes,Argentina,MF,1994-06-29,31,Boca Juniors
Lisandro Martínez,Argentina,DF,1998-01-18,28,Manchester United
Rodrigo De Paul,Argentina,MF,1994-05-24,32,Inter Miami CF
Valentín Barco,Argentina,MF,2004-07-23,21,Strasbourg
Julián Alvarez,Argentina,FW,2000-01-31,26,Atlético Madrid
Lionel Messi (captain),Argentina,FW,1987-06-24,38,Inter Miami CF
Giovani Lo Celso,Argentina,MF,1996-04-09,30,Real Betis
Gerónimo Rulli,Argentina,GK,1992-05-20,34,Marseille
Cristian Romero,Argentina,DF,1998-04-27,28,Tottenham Hotspur
Exequiel Palacios,Argentina,MF,1998-10-05,27,Bayer Leverkusen
Nicolás González,Argentina,MF,1998-04-06,28,Atlético Madrid
Thiago Almada,Argentina,FW,2001-04-26,25,Atlético Madrid
Giuliano Simeone,Argentina,FW,2002-12-18,23,Atlético Madrid
Nico Paz,Argentina,FW,2004-09-08,21,Como
Nicolás Otamendi,Argentina,DF,1988-02-12,38,Benfica
Alexis Mac Allister,Argentina,MF,1998-12-24,27,Liverpool
José Manuel López,Argentina,FW,2000-12-06,25,Palmeiras
Lautaro Martínez,Argentina,FW,1997-08-22,28,Inter Milan
Emiliano Martínez,Argentina,GK,1992-09-02,33,Aston Villa
Enzo Fernández,Argentina,MF,2001-01-17,25,Chelsea
Facundo Medina,Argentina,DF,1999-05-28,27,Marseille
Nahuel Molina,Argentina,DF,1998-04-06,28,Atlético Madrid
Alexander Schlager,Austria,GK,1996-02-01,30,Red Bull Salzburg
David Affengruber,Austria,DF,2001-03-19,25,Elche
Kevin Danso,Austria,DF,1998-09-19,27,Tottenham Hotspur
Xaver Schlager,Austria,MF,1997-09-28,28,RB Leipzig
Stefan Posch,Austria,DF,1997-05-14,29,Mainz 05
Nicolas Seiwald,Austria,MF,2001-05-04,25,RB Leipzig
Marko Arnautović,Austria,FW,1989-04-19,37,Red Star Belgrade
David Alaba (captain),Austria,DF,1992-06-24,33,Real Madrid
Marcel Sabitzer,Austria,MF,1994-03-17,32,Borussia Dortmund
Florian Grillitsch,Austria,MF,1995-08-07,30,Braga
Michael Gregoritsch,Austria,FW,1994-04-18,32,FC Augsburg
Florian Wiegele,Austria,GK,2001-03-21,25,Viktoria Plzeň
Patrick Pentz,Austria,GK,1997-01-02,29,Brøndby
Saša Kalajdžić,Austria,FW,1997-07-07,28,LASK
Philipp Lienhart,Austria,DF,1996-07-11,29,SC Freiburg
Phillipp Mwene,Austria,DF,1994-01-29,32,Mainz 05
Carney Chukwuemeka,Austria,MF,2003-10-20,22,Borussia Dortmund
Romano Schmid,Austria,MF,2000-01-27,26,Werder Bremen
Dejan Ljubičić,Austria,MF,1997-10-08,28,Schalke 04
Konrad Laimer,Austria,MF,1997-05-27,29,Bayern Munich
Patrick Wimmer,Austria,FW,2001-05-30,25,VfL Wolfsburg
Alexander Prass,Austria,MF,2001-05-26,25,TSG Hoffenheim
Marco Friedl,Austria,DF,1998-03-16,28,Werder Bremen
Paul Wanner,Austria,MF,2005-12-23,20,PSV Eindhoven
Michael Svoboda,Austria,DF,1998-10-15,27,Venezia
Alessandro Schöpf,Austria,MF,1994-02-07,32,Wolfsberger AC
Yazeed Abulaila,Jordan,GK,1993-01-08,33,Al-Hussein
Mohammad Abu Hashish,Jordan,DF,1995-05-09,31,Al-Karma
Abdallah Nasib,Jordan,DF,1994-02-25,32,Al-Zawraa
Husam Abu Dahab,Jordan,DF,2000-05-13,26,Al-Faisaly
Yazan Al-Arab,Jordan,DF,1996-01-31,30,FC Seoul
Amer Jamous,Jordan,MF,2002-07-03,23,Al-Zawraa
Mohammad Abu Zrayq,Jordan,FW,1997-12-30,28,Raja Casablanca
Noor Al-Rawabdeh,Jordan,MF,1997-02-24,29,Selangor
Ali Olwan,Jordan,FW,2000-03-26,26,Al-Sailiya
Musa Al-Taamari,Jordan,FW,1997-06-10,29,Rennes
Odeh Al-Fakhouri,Jordan,FW,2005-11-22,20,Pyramids
Nour Bani Attiah,Jordan,GK,1993-01-25,33,Al-Faisaly
Mahmoud Al-Mardi,Jordan,FW,1993-10-06,32,Al-Hussein
Rajaei Ayed,Jordan,MF,1993-07-25,32,Al-Hussein
Ibrahim Sadeh,Jordan,MF,2000-04-27,26,Al-Karma
Mo Abualnadi,Jordan,DF,2001-02-08,25,Selangor
Salim Obaid,Jordan,DF,1992-01-17,34,Al-Hussein
Mohammad Taha,Jordan,MF,2005-07-13,20,Al-Hussein
Saed Al-Rosan,Jordan,DF,1997-02-01,29,Al-Hussein
Mohannad Abu Taha,Jordan,MF,2003-02-02,23,Al-Quwa Al-Jawiya
Nizar Al-Rashdan,Jordan,MF,1999-03-23,27,Qatar SC
Abdallah Al-Fakhouri,Jordan,GK,2000-01-22,26,Al-Wehdat
Ihsan Haddad (captain),Jordan,DF,1994-02-05,32,Al-Hussein
Ali Azaizeh,Jordan,FW,2004-04-13,22,Al-Shabab
Mohammad Al-Dawoud,Jordan,MF,1992-04-12,34,Al-Wehdat
Anas Badawi,Jordan,DF,1997-09-13,28,Al-Faisaly
David Ospina,Colombia,GK,1988-08-31,37,Atlético Nacional
Daniel Muñoz,Colombia,DF,1996-05-26,30,Crystal Palace
Jhon Lucumí,Colombia,DF,1998-06-26,27,Bologna
Santiago Arias,Colombia,DF,1992-01-13,34,Independiente
Kevin Castaño,Colombia,MF,2000-09-29,25,River Plate
Richard Ríos,Colombia,MF,2000-06-02,26,Benfica
Luis Díaz,Colombia,FW,1997-01-13,29,Bayern Munich
Jorge Carrascal,Colombia,MF,1998-05-25,28,Flamengo
Jhon Córdoba,Colombia,FW,1993-05-11,33,Krasnodar
James Rodríguez (captain),Colombia,MF,1991-07-12,34,Minnesota United FC
Jhon Arias,Colombia,MF,1997-09-21,28,Palmeiras
Camilo Vargas,Colombia,GK,1989-03-09,37,Atlas
Yerry Mina,Colombia,DF,1994-09-23,31,Cagliari
Gustavo Puerta,Colombia,DF,2003-07-23,22,Racing Santander
Juan Portilla,Colombia,MF,1998-09-12,27,Athletico Paranaense
Jefferson Lerma,Colombia,MF,1994-10-25,31,Crystal Palace
Johan Mojica,Colombia,DF,1992-08-21,33,Mallorca
Willer Ditta,Colombia,DF,1998-01-23,28,Cruz Azul
Cucho Hernández,Colombia,FW,1999-04-20,27,Real Betis
Juan Fernando Quintero,Colombia,MF,1993-01-18,33,River Plate
Jaminton Campaz,Colombia,FW,2000-05-24,26,Rosario Central
Deiver Machado,Colombia,DF,1993-09-02,32,Nantes
Davinson Sánchez,Colombia,DF,1996-06-12,29,Galatasaray
Álvaro Montero,Colombia,GK,1995-03-29,31,Vélez Sarsfield
Luis Suárez,Colombia,FW,1997-12-02,28,Sporting CP
Andrés Gómez,Colombia,FW,2002-09-12,23,Vasco da Gama
Lionel Mpasi,DR Congo,GK,1994-08-01,31,Le Havre
Aaron Wan-Bissaka,DR Congo,DF,1997-11-26,28,West Ham United
Steve Kapuadi,DR Congo,DF,1998-04-30,28,Widzew Łódź
Axel Tuanzebe,DR Congo,DF,1997-11-14,28,Burnley
Dylan Batubinsika,DR Congo,DF,1996-02-15,30,AEL
Ngal'ayel Mukau,DR Congo,MF,2004-11-03,21,Lille
Nathanaël Mbuku,DR Congo,MF,2002-03-16,24,Montpellier
Samuel Moutoussamy,DR Congo,MF,1996-08-12,29,Atromitos
Brian Cipenga,DR Congo,FW,1998-03-11,28,Castellón
Théo Bongonda,DR Congo,MF,1995-11-20,30,Spartak Moscow
Gaël Kakuta,DR Congo,FW,1991-06-21,34,AEL
Joris Kayembe,DR Congo,DF,1994-08-08,31,Genk
Meschak Elia,DR Congo,FW,1997-08-06,28,Alanyaspor
Noah Sadiki,DR Congo,MF,2004-12-17,21,Sunderland
Aaron Tshibola,DR Congo,MF,1995-01-02,31,Kilmarnock
Timothy Fayulu,DR Congo,GK,1999-07-24,26,Noah
Cédric Bakambu,DR Congo,FW,1991-04-11,35,Real Betis
Charles Pickel,DR Congo,MF,1997-05-15,29,Espanyol
Fiston Mayele,DR Congo,FW,1994-06-24,31,Pyramids
Yoane Wissa,DR Congo,FW,1996-09-03,29,Newcastle United
Matthieu Epolo,DR Congo,GK,2005-01-15,21,Standard Liège
Chancel Mbemba (captain),DR Congo,DF,1994-08-08,31,Lille
Simon Banza,DR Congo,FW,1996-08-13,29,Al Jazira
Gédéon Kalulu,DR Congo,DF,1997-08-29,28,Aris Limassol
Edo Kayembe,DR Congo,MF,1998-06-03,28,Watford
Arthur Masuaku,DR Congo,DF,1993-11-07,32,Lens
Diogo Costa,Portugal,GK,1999-09-19,26,Porto
Nélson Semedo,Portugal,DF,1993-11-16,32,Fenerbahçe
Rúben Dias,Portugal,DF,1997-05-14,29,Manchester City
Tomás Araújo,Portugal,DF,2002-05-16,24,Benfica
Diogo Dalot,Portugal,DF,1999-03-18,27,Manchester United
Matheus Nunes,Portugal,MF,1998-08-27,27,Manchester City
Cristiano Ronaldo (captain),Portugal,FW,1985-02-05,41,Al-Nassr
Bruno Fernandes,Portugal,MF,1994-09-08,31,Manchester United
Gonçalo Ramos,Portugal,FW,2001-06-20,24,Paris Saint-Germain
Bernardo Silva,Portugal,MF,1994-08-10,31,Manchester City
João Félix,Portugal,FW,1999-11-10,26,Al-Nassr
José Sá,Portugal,GK,1993-01-17,33,Wolverhampton Wanderers
Renato Veiga,Portugal,DF,2003-07-29,22,Villarreal
Gonçalo Inácio,Portugal,DF,2001-08-25,24,Sporting CP
João Neves,Portugal,MF,2004-09-27,21,Paris Saint-Germain
Francisco Trincão,Portugal,FW,1999-12-29,26,Sporting CP
Rafael Leão,Portugal,FW,1999-06-10,27,Milan
Pedro Neto,Portugal,FW,2000-03-09,26,Chelsea
Gonçalo Guedes,Portugal,FW,1996-11-29,29,Real Sociedad
João Cancelo,Portugal,DF,1994-05-27,32,Barcelona
Rúben Neves,Portugal,MF,1997-03-13,29,Al-Hilal
Rui Silva,Portugal,GK,1994-02-07,32,Sporting CP
Vitinha,Portugal,MF,2000-02-13,26,Paris Saint-Germain
Samú Costa,Portugal,DF,2000-11-27,25,Mallorca
Nuno Mendes,Portugal,DF,2002-06-19,23,Paris Saint-Germain
Francisco Conceição,Portugal,FW,2002-12-14,23,Juventus
Utkir Yusupov,Uzbekistan,GK,1991-01-04,35,Navbahor Namangan
Abdukodir Khusanov,Uzbekistan,DF,2004-02-29,22,Manchester City
Khojiakbar Alijonov,Uzbekistan,DF,1997-04-19,29,Pakhtakor
Farrukh Sayfiev,Uzbekistan,DF,1991-01-17,35,Neftchi Fergana
Rustam Ashurmatov,Uzbekistan,DF,1996-07-07,29,Esteghlal
Akmal Mozgovoy,Uzbekistan,MF,1999-04-02,27,Pakhtakor
Otabek Shukurov,Uzbekistan,MF,1996-06-22,29,Baniyas
Jamshid Iskanderov,Uzbekistan,MF,1993-10-16,32,Neftchi Fergana
Odiljon Hamrobekov,Uzbekistan,MF,1996-02-13,30,Tractor
Ruslanbek Jiyanov,Uzbekistan,MF,2001-06-05,25,Navbahor Namangan
Oston Urunov,Uzbekistan,MF,2000-12-19,25,Persepolis
Abduvohid Nematov,Uzbekistan,GK,2001-03-20,25,Nasaf
Sherzod Nasrullaev,Uzbekistan,DF,1998-07-23,27,Nasaf
Eldor Shomurodov (captain),Uzbekistan,FW,1995-06-29,30,İstanbul Başakşehir
Umar Eshmurodov,Uzbekistan,DF,1992-11-30,33,Nasaf
Botirali Ergashev,Uzbekistan,GK,1995-06-23,30,Neftchi Fergana
Dostonbek Khamdamov,Uzbekistan,MF,1996-07-24,29,Pakhtakor
Abdulla Abdullaev,Uzbekistan,DF,1997-09-01,28,Dibba
Azizjon Ganiev,Uzbekistan,MF,1998-02-22,28,Al Bataeh
Azizbek Amonov,Uzbekistan,FW,1997-10-30,28,Dinamo Samarqand
Igor Sergeev,Uzbekistan,FW,1993-04-30,33,Persepolis
Abbosbek Fayzullaev,Uzbekistan,MF,2003-10-03,22,İstanbul Başakşehir
Sherzod Esanov,Uzbekistan,MF,2003-02-01,23,Bukhara
Bekhruz Karimov,Uzbekistan,DF,2007-08-07,18,Surkhon Termiz
Avazbek Ulmasaliev,Uzbekistan,DF,2000-03-27,26,AGMK
Jakhongir Urozov,Uzbekistan,DF,2004-01-18,22,Dinamo Samarqand
Dominik Livaković,Croatia,GK,1995-01-09,31,Dinamo Zagreb
Josip Stanišić,Croatia,DF,2000-04-02,26,Bayern Munich
Marin Pongračić,Croatia,DF,1997-09-11,28,Fiorentina
Joško Gvardiol,Croatia,DF,2002-01-23,24,Manchester City
Duje Ćaleta-Car,Croatia,DF,1996-09-17,29,Real Sociedad
Josip Šutalo,Croatia,DF,2000-02-28,26,Ajax
Nikola Moro,Croatia,MF,1998-03-12,28,Bologna
Mateo Kovačić,Croatia,MF,1994-05-06,32,Manchester City
Andrej Kramarić,Croatia,FW,1991-06-19,34,TSG Hoffenheim
Luka Modrić (captain),Croatia,MF,1985-09-09,40,Milan
Ante Budimir,Croatia,FW,1991-07-22,34,Osasuna
Ivor Pandur,Croatia,GK,2000-03-25,26,Hull City
Nikola Vlašić,Croatia,MF,1997-10-04,28,Torino
Ivan Perišić,Croatia,FW,1989-02-02,37,PSV Eindhoven
Mario Pašalić,Croatia,MF,1995-02-09,31,Atalanta
Martin Baturina,Croatia,MF,2003-02-16,23,Como
Petar Sučić,Croatia,MF,2003-10-25,22,Inter Milan
Kristijan Jakić,Croatia,DF,1997-05-14,29,FC Augsburg
Toni Fruk,Croatia,MF,2001-03-09,25,Rijeka
Igor Matanović,Croatia,FW,2003-03-31,23,SC Freiburg
Luka Sučić,Croatia,MF,2002-09-08,23,Real Sociedad
Luka Vušković,Croatia,DF,2007-02-24,19,Hamburger SV
Dominik Kotarski,Croatia,GK,2000-02-10,26,Copenhagen
Marco Pašalić,Croatia,FW,2000-09-14,25,Orlando City SC
Martin Erlić,Croatia,DF,1998-01-24,28,Midtjylland
Petar Musa,Croatia,FW,1998-03-04,28,FC Dallas
Jordan Pickford,England,GK,1994-03-07,32,Everton
Ezri Konsa,England,DF,1997-10-23,28,Aston Villa
Nico O'Reilly,England,DF,2005-03-21,21,Manchester City
Declan Rice,England,MF,1999-01-14,27,Arsenal
John Stones,England,DF,1994-05-28,32,Manchester City
Marc Guéhi,England,DF,2000-07-13,25,Manchester City
Bukayo Saka,England,FW,2001-09-05,24,Arsenal
Elliot Anderson,England,MF,2002-11-06,23,Nottingham Forest
Harry Kane (captain),England,FW,1993-07-28,32,Bayern Munich
Jude Bellingham,England,MF,2003-06-29,22,Real Madrid
Marcus Rashford,England,FW,1997-10-31,28,Barcelona
Trevoh Chalobah,England,DF,1999-07-05,26,Chelsea
Dean Henderson,England,GK,1997-03-12,29,Crystal Palace
Jordan Henderson,England,MF,1990-06-17,35,Brentford
Dan Burn,England,DF,1992-05-09,34,Newcastle United
Kobbie Mainoo,England,MF,2005-04-19,21,Manchester United
Morgan Rogers,England,MF,2002-07-26,23,Aston Villa
Anthony Gordon,England,FW,2001-02-24,25,Newcastle United
Ollie Watkins,England,FW,1995-12-30,30,Aston Villa
Noni Madueke,England,FW,2002-03-10,24,Arsenal
Eberechi Eze,England,MF,1998-06-29,27,Arsenal
Ivan Toney,England,FW,1996-03-16,30,Al-Ahli
James Trafford,England,GK,2002-10-10,23,Manchester City
Reece James,England,DF,1999-12-08,26,Chelsea
Djed Spence,England,DF,2000-08-09,25,Tottenham Hotspur
Jarell Quansah,England,DF,2003-01-29,23,Bayer Leverkusen
Lawrence Ati-Zigi,Ghana,GK,1996-11-29,29,St. Gallen
Alidu Seidu,Ghana,DF,2000-06-04,26,Rennes
Caleb Yirenkyi,Ghana,MF,2006-01-15,20,Nordsjælland
Jonas Adjetey,Ghana,DF,2003-12-13,22,VfL Wolfsburg
Thomas Partey,Ghana,MF,1993-06-13,32,Villarreal
Abdul Mumin,Ghana,DF,1998-06-06,28,Rayo Vallecano
Abdul Fatawu,Ghana,FW,2004-03-08,22,Leicester City
Kwasi Sibo,Ghana,MF,1998-06-24,27,Oviedo
Jordan Ayew (captain),Ghana,FW,1991-09-11,34,Leicester City
Brandon Thomas-Asante,Ghana,FW,1998-12-29,27,Coventry City
Antoine Semenyo,Ghana,MF,2000-01-07,26,Manchester City
Joseph Anang,Ghana,GK,2000-06-08,26,St Patrick's Athletic
Christopher Bonsu Baah,Ghana,FW,2004-12-14,21,Al-Qadsiah
Gideon Mensah,Ghana,DF,1998-07-18,27,Auxerre
Elisha Owusu,Ghana,MF,1997-11-07,28,Auxerre
Benjamin Asare,Ghana,GK,1992-07-13,33,Hearts of Oak
Abdul Rahman Baba,Ghana,DF,1994-07-02,31,PAOK
Jerome Opoku,Ghana,DF,1998-10-14,27,İstanbul Başakşehir
Iñaki Williams,Ghana,FW,1994-06-15,31,Athletic Bilbao
Augustine Boakye,Ghana,MF,2000-11-03,25,Saint-Étienne
Kojo Peprah Oppong,Ghana,DF,2004-06-04,22,Nice
Kamaldeen Sulemana,Ghana,FW,2002-02-15,24,Atalanta
Derrick Luckassen,Ghana,DF,1995-07-03,30,Pafos
Ernest Nuamah,Ghana,FW,2003-11-01,22,Lyon
Prince Kwabena Adu,Ghana,FW,2003-09-23,22,Viktoria Plzeň
Marvin Senaya,Ghana,DF,2001-01-28,25,Auxerre
Luis Mejía,Panama,GK,1991-03-16,35,Nacional
César Blackman,Panama,DF,1998-04-02,28,Slovan Bratislava
José Córdoba,Panama,DF,2001-06-03,25,Norwich City
Fidel Escobar,Panama,DF,1995-01-09,31,Saprissa
Edgardo Fariña,Panama,DF,2001-10-19,24,Pari Nizhny Novgorod
Cristian Martínez,Panama,MF,1997-02-06,29,Ironi Kiryat Shmona
José Luis Rodríguez,Panama,MF,1998-06-19,27,Juárez
Adalberto Carrasquilla,Panama,MF,1998-11-28,27,Pumas UNAM
Tomás Rodríguez,Panama,FW,1999-03-09,27,Saprissa
Ismael Díaz,Panama,MF,1997-05-12,29,León
Yoel Bárcenas,Panama,MF,1993-10-23,32,Mazatlán
César Samudio,Panama,GK,1994-02-23,32,Marathón
Jiovany Ramos,Panama,DF,1997-01-26,29,Puerto Cabello
Carlos Harvey,Panama,DF,2000-02-03,26,Minnesota United FC
Eric Davis,Panama,DF,1991-03-31,35,Plaza Amador
Andrés Andrade,Panama,DF,1998-10-16,27,LASK
José Fajardo,Panama,FW,1993-08-18,32,Universidad Católica
Cecilio Waterman,Panama,FW,1991-04-13,35,Universidad de Concepción
Alberto Quintero,Panama,MF,1987-12-18,38,Plaza Amador
Aníbal Godoy (captain),Panama,MF,1990-02-10,36,San Diego FC
César Yanis,Panama,MF,1996-01-28,30,Cobresal
Orlando Mosquera,Panama,GK,1994-12-25,31,Al-Fayha
Michael Amir Murillo,Panama,DF,1996-02-11,30,Beşiktaş
Azarias Londoño,Panama,FW,2001-06-21,24,Universidad Católica
Roderick Miller,Panama,DF,1992-04-03,34,Turan Tovuz
Jorge Gutiérrez,Panama,DF,1998-09-01,27,Deportivo La Guaira
